Year,Month,Fieldwork,,Published,Polling,Publisher,Con,,Lab,,LD,,Green,,BXP/Reform,,Ukip,,Con lead,,
2019,Dec,13-14,13/12/2019,17,YouGov,,,,,,,,,,,,,,,,Internet
,Dec,14-16,14/12/2019,,YouGov,,,,,,,,,,,,,,,,Internet
,Dec,21-23,21/12/2019,,YouGov,,,,,,,,,,,,,,,,Internet
,Dec,28-30,28/12/2019,,YouGov,,,,,,,,,,,,,,,,Internet
2020,Jan,4-6,04/01/2020,,YouGov,,,,,,,,,,,,,,,,Internet
,Jan,5-6,05/01/2020,,YouGov,,,,,,,,,,,,,,,,Internet
,Jan,8-10,08/01/2020,13,BMG,Ind,44,,29,,11,,5,,4,,2,,15,,Internet
,Jan,11-13,11/01/2020,,YouGov,,,,,,,,,,,,,,,,Internet
,Jan,15-17,15/01/2020,18,Opinium,Ob,47,,30,,9,,4,,3,,0,,17,,Internet
,Jan,18-20,18/01/2020,24,YouGov,,,,,,,,,,,,,,,,Internet
,Jan,23-24,23/01/2020,,YouGov,,,,,,,,,,,,,,,,Internet
,Jan,24-26,24/01/2020,28,YouGov,TT,49,,29,,10,,4,,2,,,,20,,Internet
,Jan,25-27,25/01/2020,,YouGov,,,,,,,,,,,,,,,,Internet
,Jan,28-29,28/01/2020,,Ipsos,,,,,,,,,,,,,,,,Internet
,Jan,30-31,30/01/2020,31,Survation,,44,,33,,10,,3,,3,,,,11,,Internet
,Jan,31-2,31/01/2020,5,YouGov,TT,49,0,30,1,8,-2,5,1,2,0,,,19,-1,Internet
,Jan,31-3,31/01/2020,6,Ipsos,ES,47,,30,,11,,5,,1,,,,17,,Phone
,Feb,1-3,01/02/2020,,YouGov,,,,,,,,,,,,,,,,Internet
,Feb,4-5,04/02/2020,6/3,YouGov,,,,,,,,,,,,,,,,Internet
,Feb,4-7,04/02/2020,8,BMG,Ind,41,-3,29,0,11,0,8,3,3,-1,2,0,12,-3,Internet
,Feb,8-9,08/02/2020,,YouGov,,,,,,,,,,,,,,,,Internet
,Feb,8-10,08/02/2020,14,YouGov,TT,48,-1,28,-2,10,2,6,1,2,0,,,20,1,Internet
,Feb,12-14,12/02/2020,15,Opinium,Ob,47,0,32,2,7,-2,4,0,2,-1,,,15,-2,Internet
,Feb,12,12/02/2020,,R+W,,49,,30,,9,,5,,,,,,19,,Internet
,Feb,15-17,15/02/2020,,YouGov,,,,,,,,,,,,,,,,Internet
,Feb,19-20,19/02/2020,23,Savanta ComRes,SE,47,,31,,9,,4,,3,,,,16,,Internet
,Feb,20-21,20/02/2020,,YouGov,,,,,,,,,,,,,,,,Internet
,Feb,22-24,22/02/2020,,YouGov,,,,,,,,,,,,,,,,Internet
,Feb,28-2,28/02/2020,12,Ipsos,,,,,,,,,,,,,,,,Internet
,Feb,29-2,29/02/2020,,YouGov,,,,,,,,,,,,,,,,Internet
,Mar,3-6,03/03/2020,8,BMG,Ind,45,4,28,-1,11,0,,,,,,,17,5,Internet
,Mar,4-5,04/03/2020,,YouGov,,,,,,,,,,,,,,,,Internet
,Mar,5-9,05/03/2020,11,Kantar,,50,,29,,11,,2,,1,,1,,21,,Internet
,Mar,7-9,07/03/2020,,YouGov,,,,,,,,,,,,,,,,Internet
,Mar,12-13,12/03/2020,15,Opinium,Ob,49,2,32,0,6,-1,5,1,0,-2,2,,17,2,Internet
,Mar,12-13,12/03/2020,,YouGov,,,,,,,,,,,,,,,,Internet
,Mar,13-16,13/03/2020,19,Ipsos,ES,52,5,30,0,9,-2,4,-1,0,-1,,,22,5,Phone
,Mar,14-16,14/03/2020,,YouGov,,,,,,,,,,,,,,,,Internet
,Mar,17-18,17/03/2020,,YouGov,,,,,,,,,,,,,,,,Internet
,Mar,21-23,21/03/2020,,YouGov,,,,,,,,,,,,,,,,Internet
,Mar,22-23,22/03/2020,,YouGov,,,,,,,,,,,,,,,,Internet
,Mar,23,23/03/2020,,R+W,,47,-2,29,-1,8,-1,5,0,,,,,18,-1,Internet
,Mar,24-26,24/03/2020,28,NCP,Bloomberg,54,,28,,7,,4,,2,,,,26,,Internet
,Mar,26-27,26/03/2020,29,Deltapoll,MoS,,,,,,,,,,,,,,,Internet
,Mar,26-28,26/03/2020,29,Opinium,Ob,54,5,28,-4,6,0,3,-2,0,0,,,26,9,Internet
,Mar,28-30,28/03/2020,,YouGov,,,,,,,,,,,,,,,,Internet
,Apr,1-2,01/04/2020,3,YouGov,TT,52,4,28,0,8,-2,5,-1,1,-1,,,24,4,Internet
,Apr,1-2,01/04/2020,,R+W,,49,2,29,0,8,0,4,-1,,,,,20,2,Internet
,Apr,1-3,01/04/2020,5,Opinium,Ob,53,-1,30,2,7,1,3,0,0,0,1,,23,-3,Internet
,Apr,4-6,04/04/2020,,YouGov,,,,,,,,,,,,,,,,Internet
,Apr,7-9,07/04/2020,11,BMG,Ind,46,1,29,1,10,-1,6,,2,,,,17,0,Internet
,Apr,7-9,07/04/2020,12,Opinium,Ob,55,2,29,-1,5,-2,4,1,0,0,1,0,26,3,Internet
,Apr,10-13,10/04/2020,16,Ipsos,,,,,,,,,,,,,,,,Internet
,Apr,10-14,10/04/2020,,YouGov,,,,,,,,,,,,,,,,Internet
,Apr,11-13,11/04/2020,,YouGov,,,,,,,,,,,,,,,,Internet
,Apr,15-17,15/04/2020,19,Opinium,Ob,51,-4,32,3,6,1,3,-1,0,0,1,0,19,-7,Internet
,Apr,16-17,16/04/2020,20,YouGov,TT,53,1,32,4,5,-3,3,-2,1,0,,,21,-3,Internet
,Apr,16-20,16/04/2020,22,Kantar,,54,4,28,-1,9,-2,4,2,1,0,0,-1,26,5,Internet
,Apr,17,17/04/2020,19,R+W,,52,3,31,2,8,0,3,-1,,,,,21,1,Internet
,Apr,18-20,18/04/2020,22,YouGov,,,,,,,,,,,,,,,,Internet
,Apr,21-22,21/04/2020,,YouGov,,,,,,,,,,,,,,,,Internet
,Apr,21-23,21/04/2020,26,Opinium,Ob,50,-1,33,1,7,1,3,0,0,0,1,0,17,-2,Internet
,Apr,23-24,23/04/2020,26,Deltapoll,MoS,,,,,,,,,,,,,,,Internet
,Apr,25-27,25/04/2020,,YouGov,,,,,,,,,,,,,,,,Internet
,Apr,26,26/04/2020,28,R+W,,50,-2,33,2,7,-1,4,1,,,,,17,-4,Internet
,Apr,27-28,27/04/2020,1,Survation,,48,,31,,8,,5,,1,,,,17,,Internet
,Apr,29-1,29/04/2020,3,Opinium,Ob,51,1,33,0,6,-1,3,0,0,0,1,0,18,1,Internet
,May,2-3,02/05/2020,,YouGov,,,,,,,,,,,,,,,,Internet
,May,5-6,05/05/2020,7,YouGov,,50,-3,30,-2,7,2,5,2,3,2,,,20,-1,Internet
,May,5-7,05/05/2020,10,Opinium,Ob,49,-2,33,0,6,0,5,2,0,0,1,0,16,-2,Internet
,May,6,06/05/2020,6,R+W,,50,0,31,-2,7,0,5,1,,,,,19,2,Internet
,May,7-11,07/05/2020,14,Kantar,,51,-3,32,4,7,-2,2,-2,2,1,0,0,19,-7,Internet
,May,8-10,08/05/2020,12,YouGov,,,,,,,,,,,,,,,,Internet
,May,13-14,13/05/2020,,YouGov,,,,,,,,,,,,,,,,Internet
,May,13-14,13/05/2020,17,Opinium,Ob,49,0,34,1,6,0,3,-2,0,0,1,0,15,-1,Internet
,May,15,15/05/2020,18,R+W,,47,-3,35,4,9,2,3,-2,,,,,12,-7,Internet
,May,15-17,15/05/2020,21,Savanta ComRes,,46,-1,33,2,7,-2,4,0,2,-1,,,13,-3,Internet
,May,15-18,15/05/2020,22,Ipsos,,,,,,,,,,,,,,,,Internet
,May,16-18,16/05/2020,,YouGov,,,,,,,,,,,,,,,,Internet
,May,18-19,18/05/2020,,YouGov,,48,-2,33,3,6,-1,5,0,2,-1,,,15,-5,Internet
,May,21-22,21/05/2020,24,Opinium,Ob,47,-2,35,1,6,0,3,0,0,0,2,1,12,-3,Internet
,May,22-26,22/05/2020,26,Survation,,46,-2,33,2,8,0,4,-1,0,-1,,,13,-4,Internet
,May,23-25,23/05/2020,,YouGov,,,,,,,,,,,,,,,,Internet
,May,25-26,25/05/2020,27,YouGov,,44,-4,38,5,6,0,4,-1,2,0,,,6,-9,Internet
,May,26-27,26/05/2020,29,YouGov,Datapraxis,43,,38,,6,,4,,3,,,,5,,Internet
,May,27,27/05/2020,27,R+W,,43,-4,37,2,9,0,3,0,,,,,6,-6,Internet
,May,27-28,27/05/2020,31,Deltapoll,MoS,43,,38,,8,,4,,2,,,,5,,Internet
,May,27,27/05/2020,29,R+W,NS,,,,,,,,,,,,,,,Internet
,May,28-29,28/05/2020,31,Opinium,Ob,43,-4,39,4,6,0,3,0,0,0,1,-1,4,-8,Internet
,May,29-30,29/05/2020,1,YouGov,TT,45,1,35,-3,6,0,5,1,2,0,,,10,4,Internet
,May,29-3,29/05/2020,5,Ipsos,,,,,,,,,,,,,,,,Internet
,Jun,1-2,01/06/2020,,YouGov,,,,,,,,,,,,,,,,Internet
,Jun,3,03/06/2020,4,R+W,,43,0,36,-1,9,0,5,2,,,,,7,1,Internet
,Jun,3,03/06/2020,4,R+W,MailOnline,,,,,,,,,,,,,,,Internet
,Jun,3,03/06/2020,7,Survation,,41,-5,39,6,7,-1,4,0,1,1,,,2,-11,Internet
,Jun,4-5,04/06/2020,7,Deltapoll,,41,-2,38,0,8,0,4,0,3,1,,,3,-2,Internet
,Jun,4-5,04/06/2020,7,Opinium,Ob,43,0,40,1,6,0,3,0,0,0,2,1,3,-1,Internet
,Jun,5-10,05/06/2020,12,Ipsos,ES,43,-9,38,8,10,1,3,-1,0,0,,,5,-17,Phone
,Jun,6-8,06/06/2020,9,YouGov,,,,,,,,,,,,,,,,Internet
,Jun,9-10,09/06/2020,11,Survation,,42,1,36,-3,8,1,4,0,1,0,,,6,4,Internet
,Jun,10-11,10/06/2020,,YouGov,,,,,,,,,,,,,,,,Internet
,Jun,11,11/06/2020,13,R+W,,41,-2,39,3,9,0,4,-1,,,,,2,-5,Internet
,Jun,11-12,11/06/2020,13,YouGov,,45,0,37,2,6,0,4,-1,2,0,,,8,-2,Internet
,Jun,11-12,11/06/2020,14,Opinium,Ob,44,1,39,-1,6,0,2,-1,,,1,-1,5,2,Internet
,Jun,11-15,11/06/2020,17,Kantar,,43,-8,35,3,8,1,4,2,2,0,1,1,8,-11,Internet
,Jun,12-14,12/06/2020,18,Savanta ComRes,DT,40,-6,36,3,9,2,3,-1,3,1,,,4,-9,Internet
,Jun,13-15,13/06/2020,,YouGov,,,,,,,,,,,,,,,,Internet
,Jun,15-16,15/06/2020,,YouGov,,,,,,,,,,,,,,,,Internet
,Jun,18,18/06/2020,19,R+W,,43,2,38,-1,8,-1,4,0,,,,,5,3,Internet
,Jun,18-19,18/06/2020,20,Opinium,Ob,44,0,40,1,5,-1,3,1,,,1,0,4,-1,Internet
,Jun,20-22,20/06/2020,,YouGov,,,,,,,,,,,,,,,,Internet
,Jun,24-25,24/06/2020,26,Survation,,43,1,36,0,8,0,4,0,0,-1,,,7,1,Internet
,Jun,25,25/06/2020,27,R+W,,,,,,,,,,,,,,,,Internet
,Jun,25,26/06/2020,26,R+W,,44,1,38,0,7,-1,4,0,,,,,6,1,Internet
,Jun,25-26,25/06/2020,27,Opinium,Ob,43,-1,39,-1,6,1,4,1,,,,,4,0,Internet
,Jun,26-28,26/06/2020,,YouGov,TT,45,0,37,0,5,-1,4,0,2,0,,,8,0,Internet
,Jun,27-29,27/06/2020,,YouGov,,,,,,,,,,,,,,,,Internet
,Jun,29-30,29/06/2020,,YouGov,,,,,,,,,,,,,,,,Internet
,Jul,1,01/07/2020,2,R+W,Election Maps UK,42,-2,38,0,8,1,5,1,,,,,4,-2,Internet
,Jul,1-3,01/07/2020,5,Opinium,Ob,41,-2,37,-2,8,2,4,0,0,,2,,4,0,Internet
,Jul,3-6,03/07/2020,7,Survation,,44,1,37,1,7,-1,4,0,0,0,,,7,1,Internet
,Jul,4-6,04/07/2020,,YouGov,,,,,,,,,,,,,,,,Internet
,Jul,7-8,07/07/2020,,YouGov,,,,,,,,,,,,,,,,Internet
,Jul,8,08/07/2020,9,R+W,,44,2,39,1,7,-1,4,-1,,,,,5,1,Internet
,Jul,8-9,08/07/2020,10,YouGov,TT,46,1,36,-1,6,1,3,-1,2,0,,,10,2,Internet
,Jul,9-10,09/07/2020,12,Opinium,Ob,42,1,38,1,6,-2,4,0,0,0,2,0,4,0,Internet
,Jul,9-10,09/07/2020,11,Deltapoll,,44,3,38,0,7,-1,3,-1,3,0,,,6,3,Internet
,Jul,9-13,09/07/2020,16,Kantar,,45,2,35,0,9,1,2,-2,2,0,1,0,10,2,Internet
,Jul,10-12,10/07/2020,13,Survation,,42,-2,36,-1,8,1,5,1,1,1,,,6,-1,Internet
,Jul,10-13,10/07/2020,17,Ipsos,,,,,,,,,,,,,,,,Internet
,Jul,11-13,11/07/2020,,YouGov,,,,,,,,,,,,,,,,Internet
,Jul,15,15/07/2020,16,R+W,,44,0,37,-2,8,1,4,0,,,,,7,2,Internet
,Jul,15-17,15/07/2020,19,Opinium,Ob,44,2,36,-2,6,0,4,0,,,1,-1,8,4,Internet
,Jul,17-18,17/07/2020,,YouGov,,,,,,,,,,,,,,,,Internet
,Jul,17-19,17/07/2020,22,Savanta ComRes,,43,3,37,1,6,-3,2,-1,2,-1,,,6,2,Internet
,Jul,18-20,18/07/2020,,YouGov,,,,,,,,,,,,,,,,Internet
,Jul,22,22/07/2020,24,R+W,,44,0,36,-1,8,0,5,1,,,,,8,1,Internet
,Jul,22-23,22/07/2020,,YouGov,TT,44,-2,35,-1,7,1,4,1,3,1,,,9,-1,Internet
,Jul,23-24,23/07/2020,26,Opinium,Ob,42,-2,38,2,6,0,4,0,0,,2,1,4,-4,Internet
,Jul,25-27,25/07/2020,,YouGov,,,,,,,,,,,,,,,,Internet
,Jul,29,29/07/2020,31,R+W,,43,-1,38,2,7,-1,4,-1,,,,,5,-3,Internet
,Jul,30-31,30/07/2020,1,Opinium,Ob,41,-1,38,0,6,0,4,0,0,0,2,0,3,-1,Internet
,Jul,30-31,30/07/2020,5,YouGov,TT,43,-1,35,0,6,-1,5,1,3,0,,,8,-1,Internet
,Jul,30-4,30/07/2020,6,Ipsos,ES,45,2,37,-1,6,-4,5,2,1,1,,,8,3,Phone
,Jul,31-3,31/07/2020,4,Survation,,44,2,35,-1,8,0,5,0,0,-1,,,9,3,Internet
,Aug,1-3,03/08/2020,,YouGov,,,,,,,,,,,,,,,,Internet
,Aug,4-5,04/08/2020,7,YouGov,,42,-1,36,1,8,2,5,0,2,-1,,,6,-2,Internet
,Aug,6-10,06/08/2020,12,Kantar,,42,-3,35,0,8,-1,3,1,3,1,1,0,7,-3,Internet
,Aug,8-10,08/08/2020,,YouGov,,,,,,,,,,,,,,,,Internet
,Aug,11-12,11/08/2020,19,YouGov,,44,2,35,-1,5,-3,5,0,3,1,,,9,3,Internet
,Aug,12,12/08/2020,14,R+W,,43,0,36,-2,9,2,4,0,,,,,7,2,Internet
,Aug,13-14,13/08/2020,16,Opinium,Ob,42,1,39,1,5,-1,3,-1,0,0,3,1,3,0,Internet
,Aug,13-14,13/08/2020,,YouGov,,,,,,,,,,,,,,,,Internet
,Aug,14-16,14/08/2020,19,Savanta ComRes,,42,-1,37,0,7,1,3,1,2,0,,,5,-1,Internet
,Aug,15-17,15/08/2020,,YouGov,,,,,,,,,,,,,,,,Internet
,Aug,18-19,18/08/2020,19,YouGov,TT,40,-4,38,3,6,1,6,1,4,1,,,2,-7,Internet
,Aug,19,19/08/2020,20,R+W,,44,1,37,1,7,-2,5,1,,,,,7,0,Internet
,Aug,21,21/08/2020,25,Survation,,41,-3,37,2,9,1,4,-1,1,1,,,4,-5,Internet
,Aug,21-24,21/08/2020,27,Ipsos,,,,,,,,,,,,,,,,Internet
,Aug,22-24,22/08/2020,,YouGov,,,,,,,,,,,,,,,,Internet
,Aug,24,24/08/2020,26,R+W,,42,-2,37,0,9,2,5,0,,,,,5,-2,Internet
,Aug,24-25,24/08/2020,26,YouGov,TT,43,3,36,-2,6,0,4,-2,3,-1,,,7,5,Internet
,Aug,26-27,26/08/2020,,YouGov,,,,,,,,,,,,,,,,Internet
,Aug,26-28,26/08/2020,30,Opinium,Ob,40,-2,40,1,6,1,3,0,0,0,2,-1,0,-3,Internet
,Aug,29-31,29/08/2020,3,YouGov,,,,,,,,,,,,,,,,Internet
,Sep,1-2,01/09/2020,3,R+W,,43,1,37,0,8,-1,4,-1,,,,,6,1,Internet
,Sep,2-4,02/09/2020,8,Survation,,40,-1,38,1,8,-1,4,0,1,0,,,2,-2,Internet
,Sep,3-4,03/09/2020,,YouGov,,43,0,37,1,6,0,4,0,3,0,,,6,-1,Internet
,Sep,4-8,04/09/2020,15,NCP,Bloomberg,42,,38,,6,,5,,2,,,,4,,Internet
,Sep,5-7,05/09/2020,,YouGov,,,,,,,,,,,,,,,,Internet
,Sep,8-9,08/09/2020,,YouGov,,42,-1,37,0,6,0,4,0,3,0,,,5,-1,Internet
,Sep,9-10,09/09/2020,,YouGov,,,,,,,,,,,,,,,,Internet
,Sep,9-11,09/09/2020,13,Opinium,Ob,42,2,39,-1,6,0,4,1,0,0,1,-1,3,3,Internet
,Sep,11-18,11/09/2020,22,Ipsos,ES,40,-5,37,0,8,2,5,0,0,-1,,,3,-5,Phone
,Sep,12-14,12/09/2020,,YouGov,,,,,,,,,,,,,,,,Internet
,Sep,15-16,15/09/2020,17,R+W,,41,-2,39,2,8,0,5,1,,,,,2,-4,Internet
,Sep,15-16,15/09/2020,22,Survation,,40,0,38,0,7,-1,4,0,1,0,,,2,0,Internet
,Sep,16-17,16/09/2020,19,YouGov,TT,40,-2,40,3,6,0,5,1,3,0,,,0,-5,Internet
,Sep,17-21,17/09/2020,23,Kantar,,40,-2,38,3,9,1,4,1,3,0,2,1,2,-5,Internet
,Sep,18-20,18/09/2020,22,Savanta ComRes,,40,-2,37,0,8,1,3,0,3,1,,,3,-2,Internet
,Sep,19-21,19/09/2020,,YouGov,,,,,,,,,,,,,,,,Internet
,Sep,22-23,22/09/2020,24,R+W,,40,-1,40,1,7,-1,5,0,,,,,0,-2,Internet
,Sep,22-23,22/09/2020,,YouGov,,,,,,,,,,,,,,,,Internet
,Sep,23-24,23/09/2020,28,YouGov,TT,41,1,38,-2,6,0,5,0,3,0,,,3,3,Internet
,Sep,23-25,23/09/2020,27,Opinium,Ob,39,-3,42,3,5,-1,4,0,,,1,0,-3,-6,Internet
,Sep,24-25,24/09/2020,27,Deltapoll,MoS,42,-2,38,0,6,-1,4,1,3,0,,,4,-2,Internet
,Sep,25-28,25/09/2020,30,Savanta ComRes,,41,1,38,1,8,0,3,0,2,-1,,,3,0,Internet
,Sep,26-28,26/09/2020,,YouGov,,,,,,,,,,,,,,,,Internet
,Sep,29-30,29/09/2020,1,YouGov,TT,39,-2,39,1,6,0,5,0,4,1,,,0,-3,Internet
,Sep,30-1,30/09/2020,3,R+W,,39,-1,39,-1,8,1,5,0,,,,,0,0,Internet
,Oct,2-4,02/10/2020,6,Savanta ComRes,,42,1,39,1,7,-1,3,0,2,0,,,3,0,Internet
,Oct,2-5,02/10/2020,7,Ipsos,,,,,,,,,,,,,,,,Internet
,Oct,3-5,03/10/2020,,YouGov,,,,,,,,,,,,,,,,Internet
,Oct,5-6,05/10/2020,12,Survation,,41,1,37,-1,7,0,4,0,1,0,,,4,2,Internet
,Oct,6-7,06/10/2020,9,YouGov,TT,41,2,38,-1,5,-1,6,1,3,-1,,,3,3,Internet
,Oct,6-7,06/10/2020,9,R+W,,41,2,39,0,8,0,4,-1,,,,,2,2,Internet
,Oct,8-9,08/10/2020,11,Opinium,Ob,40,1,40,-2,6,1,3,-1,,,3,2,0,3,Internet
,Oct,9-14,09/10/2020,14,Savanta ComRes,,39,-3,39,0,7,0,4,1,3,1,,,0,-3,Internet
,Oct,9-17,09/10/2020,21,NCP,ITV,41,-1,38,0,5,-1,6,1,4,2,,,3,-1,Internet
,Oct,10-12,10/10/2020,,YouGov,,,,,,,,,,,,,,,,Internet
,Oct,12-13,12/10/2020,,YouGov,,,,,,,,,,,,,,,,Internet
,Oct,14-15,14/10/2020,16,YouGov,TT,39,-2,38,0,6,1,6,0,5,2,,,1,-2,Internet
,Oct,16-18,16/10/2020,,YouGov,,,,,,,,,,,,,,,,Internet
,Oct,16-18,16/10/2020,21,Savanta ComRes,,42,3,36,-3,8,1,3,-1,2,-1,,,6,6,Internet
,Oct,19-20,19/10/2020,,YouGov,,,,,,,,,,,,,,,,Internet
,Oct,21,21/10/2020,21,R+W,,40,-1,40,1,7,-1,4,0,,,,,0,-2,Internet
,Oct,21-22,21/10/2020,26,YouGov,TT,40,1,39,1,7,1,5,-1,3,-2,,,1,0,Internet
,Oct,22-23,22/10/2020,25,Opinium,Ob,38,-2,40,0,6,0,5,2,,,2,-1,-2,-2,Internet
,Oct,22-24,22/10/2020,25,Deltapoll,MoS,42,0,39,1,7,1,3,-1,3,0,2,,3,-1,Internet
,Oct,22-28,22/10/2020,30,Ipsos,ES,37,-3,42,5,8,0,5,0,1,1,,,-5,-8,Phone
,Oct,23-26,23/10/2020,28,Savanta ComRes,,42,0,39,3,7,-1,3,0,2,0,,,3,-3,Internet
,Oct,24-26,24/10/2020,27,YouGov,,,,,,,,,,,,,,,,Internet
,Oct,28,28/10/2020,30,R+W,,39,-1,41,1,7,0,4,0,,,,,-2,-2,Internet
,Oct,28-29,28/10/2020,,YouGov,TT,38,-2,38,-1,6,-1,5,0,4,1,,,0,-1,Internet
,Oct,29-30,29/10/2020,30,YouGov,,,,,,,,,,,,,,,,Internet
,Oct,30-2,30/10/2020,3,Savanta ComRes,,40,-2,40,1,7,0,4,1,2,0,,,0,-3,Internet
,Oct,31-2,31/10/2020,,YouGov,,,,,,,,,,,,,,,,Internet
,Nov,3-4,03/11/2020,,YouGov,,,,,,,,,,,,,,,,Internet
,Nov,4-5,04/11/2020,6,YouGov,TT,35,-3,40,2,7,1,4,-1,6,2,,,-5,-5,Internet
,Nov,5-6,05/11/2020,6,Survation,,39,-2,37,0,9,2,4,0,2,1,,,2,-2,Internet
,Nov,5-6,05/11/2020,8,Opinium,Ob,38,0,42,2,7,1,3,-2,,,2,0,-4,-2,Internet
,Nov,5-9,05/11/2020,11,Kantar,,40,0,36,-2,8,-1,5,1,3,0,1,-1,4,2,Internet
,Nov,6-9,06/11/2020,11,Savanta ComRes,,40,0,36,-4,8,1,5,1,2,0,,,4,4,Internet
,Nov,6-9,06/11/2020,12,Ipsos,,,,,,,,,,,,,,,,Internet
,Nov,7-9,07/11/2020,,YouGov,,,,,,,,,,,,,,,,Internet
,Nov,11,11/11/2020,12,R+W,,40,1,40,-1,7,0,5,1,,,,,0,2,Internet
,Nov,11-12,11/11/2020,16,YouGov,TT,38,3,40,0,5,-2,5,1,4,-2,,,-2,3,Internet
,Nov,13-15,13/11/2020,19,Savanta ComRes,,41,1,38,2,5,-3,4,-1,2,0,,,3,-1,Internet
,Nov,13-16,13/11/2020,,YouGov,,,,,,,,,,,,,,,,Internet
,Nov,14-15,14/11/2020,,YouGov,,,,,,,,,,,,,,,,Internet
,Nov,17-18,17/11/2020,23,YouGov,TT,38,0,37,-3,7,2,6,1,4,0,,,1,3,Internet
,Nov,18-19,18/11/2020,,YouGov,,,,,,,,,,,,,,,,Internet
,Nov,19,19/11/2020,20,R+W,,40,0,39,-1,8,1,4,-1,,,,,1,1,Internet
,Nov,19-20,19/11/2020,22,Opinium,Ob,41,3,38,-4,6,-1,4,1,,,2,0,3,7,Internet
,Nov,20-22,20/11/2020,25,Savanta ComRes,,39,-2,37,-1,7,2,4,0,3,1,,,2,-1,Internet
,Nov,20-28,20/11/2020,28,NCP,,39,-2,37,-1,7,2,5,-1,4,0,,,2,-1,Internet
,Nov,21-23,21/11/2020,24,YouGov,,,,,,,,,,,,,,,,Internet
,Nov,26-27,26/11/2020,28,YouGov,,37,-1,40,3,5,-2,5,-1,5,1,,,-3,-4,Internet
,Nov,26-27,26/11/2020,29,Deltapoll,MoS,37,-5,38,-1,9,2,4,1,3,0,,,-1,-4,Internet
,Nov,27-28,27/11/2020,13,Opinium,Ob,40,-1,38,0,6,0,4,0,0,,2,0,2,-1,Internet
,Nov,27-29,27/11/2020,2,Savanta ComRes,,39,0,38,1,8,1,3,-1,2,-1,,,1,-1,Internet
,Nov,28-30,28/11/2020,,YouGov,,,,,,,,,,,,,,,,Internet
,Dec,2,02/12/2020,4,R+W,,40,0,37,-2,9,1,6,2,,,,,3,2,Internet
,Dec,2-3,02/12/2020,9,YouGov,,38,1,38,-2,6,1,5,0,3,-2,,,0,3,Internet
,Dec,2-7,02/12/2020,11,Survation,,,,,,,,,,,,,,,,Internet
,Dec,3-4,03/12/2020,6,Opinium,Ob,38,-2,40,2,6,0,3,-1,0,0,3,1,-2,-4,Internet
,Dec,4-10,04/12/2020,11,Survation,,39,0,37,0,8,-1,5,1,1,-1,,,2,0,Internet
,Dec,4-10,04/12/2020,14,Ipsos,ES,41,4,41,-1,6,-2,5,0,0,-1,,,0,5,Phone
,Dec,4-29,04/12/2020,2,Focaldata,TT,36,,38,,9,,7,,4,,,,-2,,Internet
,Dec,5-7,05/12/2020,,YouGov,,,,,,,,,,,,,,,,Internet
,Dec,8-9,08/12/2020,11,YouGov,TT,37,-1,37,-1,8,2,6,1,5,2,,,0,0,Internet
,Dec,10-14,12/12/2020,20,Kantar,,38,-2,37,1,10,2,5,0,3,0,1,0,1,-3,Internet
,Dec,11-13,11/12/2020,17,Savanta ComRes,,38,-1,37,-1,8,0,5,2,4,2,,,1,0,Internet
,Dec,12-14,12/12/2020,,YouGov,,,,,,,,,,,,,,,,Internet
,Dec,15-16,15/12/2020,22,YouGov,TT,39,2,37,0,6,-2,6,0,4,-1,,,2,2,Internet
,Dec,16-17,16/12/2020,20,Opinium,Ob,39,1,39,-1,6,0,4,1,0,0,3,0,0,2,Internet
,Dec,17-18,17/12/2020,,YouGov,,,,,,,,,,,,,,,,Internet
,Dec,18-20,18/12/2020,,YouGov,,,,,,,,,,,,,,,,Internet
,Dec,18-21,18/12/2020,1,Savanta ComRes,DE,41,3,39,2,8,0,4,-1,2,-2,,,2,1,Internet
,Dec,21-22,21/12/2020,23,YouGov,,37,-2,41,4,5,-1,5,-1,4,0,,,-4,-6,Internet
,Dec,22,22/12/2020,24,Survation,,39,0,38,1,8,0,4,-1,1,0,,,1,-1,Internet
,Dec,26-28,26/12/2020,,YouGov,,,,,,,,,,,,,,,,Internet
,Dec,26-30,26/12/2020,4,Deltapoll,Mirror,43,6,38,0,4,-5,5,1,3,0,,,5,6,Internet
2021,Jan,2-4,02/01/2021,,YouGov,,,,,,,,,,,,,,,,Internet
,Jan,6-7,06/01/2021,10,Opinium,Ob,39,0,40,1,6,0,4,0,0,0,2,-1,-1,-1,Internet
,Jan,4-5,04/01/2021,9,YouGov,TT,39,2,39,-2,6,1,6,1,3,-1,,,0,4,Internet
,Jan,8-10,08/01/2021,12,Savanta ComRes,,40,-1,37,-2,8,0,4,0,2,,,,3,1,Internet
,Jan,8-11,08/01/2021,14,Ipsos,,,,,,,,,,,,,,,,Internet
,Jan,9-11,09/01/2021,,YouGov,,,,,,,,,,,,,,,,Internet
,Jan,11,11/01/2021,12,R+W,,41,1,37,0,8,-1,5,-1,2,,,,4,1,Internet
,Jan,12-13,12/01/2021,17,Survation,,40,1,38,0,7,-1,5,1,0,-1,,,2,1,Internet
,Jan,13-14,13/01/2021,19,YouGov,TT,38,-1,39,0,5,-1,6,0,3,0,,,-1,-1,Internet
,Jan,14-15,14/01/2021,17,Opinium,Ob,37,-2,41,1,6,0,4,0,,,1,-1,-4,-3,Internet
,Jan,15-17,15/01/2021,22,Savanta ComRes,,39,-1,37,0,7,-1,3,-1,2,0,,,2,-1,Internet
,Jan,16-18,16/01/2021,,YouGov,,,,,,,,,,,,,,,,Internet
,Jan,18,18/01/2021,19,R+W,,40,-1,38,1,8,0,5,0,2,0,,,2,-2,Internet
,Jan,21-22,21/01/2021,23,YouGov,TT,39,1,38,-1,5,0,6,0,4,1,,,1,2,Internet
,Jan,21-23,21/01/2021,25,Deltapoll,,41,-2,39,1,7,3,3,-2,2,-1,,,2,-3,Internet
,Jan,21-25,21/01/2021,29,Kantar,,40,2,37,0,10,0,5,0,2,-1,1,0,3,2,Internet
,Jan,22-24,22/01/2021,29,Savanta ComRes,,40,1,37,0,8,1,3,0,2,0,,,3,1,Internet
,Jan,23-25,23/01/2021,,YouGov,,,,,,,,,,,,,,,,Internet
,Jan,25,25/01/2021,25,R+W,,42,2,37,-1,8,0,4,-1,3,1,,,5,3,Internet
,Jan,25-1,25/01/2021,3,NCP,ITV,43,4,37,0,5,-2,5,0,3,-1,,,6,4,Internet
,Jan,26-27,26/01/2021,28,YouGov,,37,-2,41,3,6,1,4,-2,3,-1,,,-4,-5,Internet
,Jan,28-29,28/01/2021,31,Opinium,Ob,41,4,38,-3,7,1,4,0,1,,2,1,3,7,Internet
,Jan,29-31,29/01/2021,3,Savanta ComRes,,41,1,38,1,6,-2,3,0,2,0,,,3,0,Internet
,Jan,29-4,29/01/2021,8,Ipsos,ES,42,1,38,-3,7,1,8,3,0,0,,,4,4,Phone
,Jan,30-1,30/01/2021,,YouGov,,,,,,,,,,,,,,,,Internet
,Feb,1,01/02/2021,2,R+W,,40,-2,38,1,8,0,4,0,3,0,,,2,-3,Internet
,Feb,2-3,02/02/2021,8,YouGov,TT,41,4,37,-4,6,0,6,2,3,0,,,4,8,Internet
,Feb,5-6,05/02/2021,12,Survation,,39,-1,33,-5,9,2,7,2,,,,,6,4,Internet
,Feb,5-7,05/02/2021,11,Savanta ComRes,,41,0,37,-1,8,2,4,1,2,0,,,4,1,Internet
,Feb,6-8,06/02/2021,,YouGov,,,,,,,,,,,,,,,,Internet
,Feb,8,08/02/2021,9,R+W,,43,3,38,0,7,-1,4,0,2,-1,,,5,3,Internet
,Feb,8-9,08/02/2021,,YouGov,,,,,,,,,,,,,,,,Internet
,Feb,9-10,09/02/2021,11,YouGov,TT,41,0,36,-1,6,0,7,1,3,0,,,5,1,Internet
,Feb,9-10,09/02/2022,17,Ipsos,,,,,,,,,,,,,,,,Internet
,Feb,11-12,11/02/2021,14,Opinium,Ob,42,1,37,-1,6,-1,5,1,0,-1,1,-1,5,2,Internet
,Feb,12-14,12/02/2021,18,Savanta ComRes,,42,1,37,0,7,-1,3,-1,2,0,,,5,1,Internet
,Feb,13-15,13/02/2021,,YouGov,,,,,,,,,,,,,,,,Internet
,Feb,15,15/02/2021,15,R+W,,41,-2,39,1,8,1,5,1,2,0,,,2,-3,Internet
,Feb,17-18,17/02/2021,22,YouGov,TT,40,-1,37,1,7,1,6,-1,3,0,,,3,-2,Internet
,Feb,18-22,18/02/2021,25,Kantar,,40,0,33,-4,11,1,6,1,3,1,2,1,7,4,Internet
,Feb,19-22,19/02/2021,24,Savanta ComRes,,40,-2,38,1,7,0,3,0,3,1,,,2,-3,Internet
,Feb,19-22,19/02/2021,4,Ipsos,,,,,,,,,,,,,,,,Internet
,Feb,19-22,19/02/2021,,YouGov,,,,,,,,,,,,,,,,Internet
,Feb,20-22,20/02/2021,,YouGov,,,,,,,,,,,,,,,,Internet
,Feb,22,22/02/2021,23,R+W,,43,2,37,-2,7,-1,5,0,3,1,,,6,4,Internet
,Feb,23-25,23/02/2021,1,Survation,,42,3,34,1,7,-2,6,-1,1,,,,8,2,Internet
,Feb,24-26,24/02/2021,27,Opinium,Ob,43,1,36,-1,7,1,4,-1,1,1,0,-1,7,2,Internet
,Feb,24-26,24/02/2021,27,Deltapoll,MoS,42,1,38,-1,6,-1,4,1,3,1,,,4,2,Internet
,Feb,25-26,24/02/2021,26,YouGov,TT,41,1,36,-1,5,-2,7,1,3,0,,,5,2,Internet
,Feb,26-28,26/02/2021,2,Savanta ComRes,,43,3,36,-2,7,0,3,0,3,0,,,7,5,Internet
,Feb,27-1,27/02/2021,,YouGov,,,,,,,,,,,,,,,,Internet
,Mar,1,01/03/2021,2,R+W,,44,0,38,0,7,0,3,-2,2,-1,,,6,0,Internet
,Mar,3-4,03/03/2021,4,YouGov,TT,45,4,32,-4,6,1,7,0,3,0,,,13,8,Internet
,Mar,5-7,05/03/2021,10,Savanta ComRes,,42,-1,36,0,8,1,4,1,3,0,,,6,-1,Internet
,Mar,5-12,05/03/2021,15,Ipsos,ES,45,3,38,0,6,-1,5,-3,,,,,7,3,Phone
,Mar,6-8,06/03/2021,,YouGov,,,,,,,,,,,,,,,,Internet
,Mar,8,08/03/2021,9,R+W,,45,1,36,-2,7,0,4,1,3,1,,,9,3,Internet
,Mar,8-9,08/03/2021,,YouGov,,,,,,,,,,,,,,,,Internet
,Mar,9-10,09/03/2021,14,Survation,SMirror,43,1,33,-1,9,2,5,-1,1,0,,,10,2,Internet
,Mar,9-10,09/03/2021,17,YouGov,TT,42,-3,33,1,7,1,6,-1,3,0,,,9,4,Internet
,Mar,11-12,11/03/2021,14,Opinium,Ob,43,0,37,1,6,-1,4,0,0,-1,1,1,6,-1,Internet
,Mar,12-14,12/03/2021,17,Savanta ComRes,,39,-3,37,1,8,0,4,0,3,0,,,2,-4,Internet
,Mar,12-16,12/03/2021,20,NCP,,42,-1,37,0,7,2,5,0,2,-1,,,5,-1,Internet
,Mar,13-15,13/03/2021,,YouGov,,,,,,,,,,,,,,,,Internet
,Mar,15,15/03/2021,16,R+W,,43,-2,36,0,7,0,5,1,3,0,,,7,-2,Internet
,Mar,16-19,16/03/2021,23,BMG,Ind,39,,37,,9,,6,,3,,,,2,,Internet
,Mar,18-19,18/03/2021,24,YouGov,TT,43,1,34,1,5,-2,7,1,3,0,,,9,0,Internet
,Mar,19-21,19/03/2021,26,Savanta ComRes,,42,3,38,1,6,-2,3,-1,2,-1,,,4,2,Internet
,Mar,20-22,20/03/2021,,YouGov,,,,,,,,,,,,,,,,Internet
,Mar,22,22/03/2021,22,R+W,,42,-1,36,0,9,2,6,1,2,-1,,,6,-1,Internet
,Mar,25-26,25/03/2021,28,Opinium,Ob,41,-2,37,0,6,0,5,1,1,1,2,1,4,-2,Internet
,Mar,25-26,25/03/2021,30,YouGov,TT,42,-1,32,-2,8,3,7,0,3,0,,,10,1,Internet
,Mar,25-27,25/03/2021,28,Deltapoll,MoS,44,2,36,-2,6,0,4,0,3,0,,,8,4,Internet
,Mar,25-29,25/03/2021,1,Kantar,,42,2,34,1,9,-2,4,-2,2,-1,1,-1,8,1,Internet
,Mar,26-29,26/03/2021,1,Ipsos,,,,,,,,,,,,,,,,Internet
,Mar,27-29,27/03/2021,,YouGov,,,,,,,,,,,,,,,,Internet
,Mar,29,29/03/2021,29,R+W,,44,2,36,0,7,-2,4,-2,2,0,,,8,2,Internet
,Mar,31-1,31/03/2021,7,YouGov,TT,42,0,34,2,7,-1,6,-1,3,0,,,8,-2,Internet
,Apr,2-4,02/04/2021,6,Savanta ComRes,,42,0,35,-3,8,2,3,0,2,0,,,7,3,Internet
,Apr,3-5,03/04/2021,,YouGov,,,,,,,,,,,,,,,,Internet
,Apr,5,05/04/2021,5,R+W,,44,0,34,-2,9,2,5,1,2,0,,,10,2,Internet
,Apr,7-8,07/04/2021,12,YouGov,TT,41,-1,34,0,6,0,6,0,3,0,,,7,-1,Internet
,Apr,8-9,08/04/2021,11,Opinium,Ob,45,4,36,-1,6,0,4,-1,0,-1,1,-1,9,5,Internet
,Apr,8-10,08/04/2021,11,Deltapoll,MoS,45,1,36,0,6,0,4,0,4,1,,,9,1,Internet
,Apr,8-10,08/04/2021,16,Survation,,43,0,35,2,8,-1,4,-1,,,,,8,-2,Internet
,Apr,9-11,09/04/2021,14,Savanta ComRes,,42,0,35,0,7,-1,4,1,2,0,,,7,0,Internet
,Apr,10-12,10/04/2021,,YouGov,,,,,,,,,,,,,,,,Internet
,Apr,12,12/04/2021,12,R+W,,43,-1,36,2,7,-2,5,0,3,1,,,7,-3,Internet
,Apr,13-14,12/04/2021,16,YouGov,TT,43,2,29,-5,8,2,8,2,3,0,,,14,7,Internet
,Apr,15-19,15/04/2021,22,Survation,,40,-3,34,-1,9,1,7,3,,,,,6,-2,Internet
,Apr,16-18,16/04/2021,20,Savanta ComRes,,43,1,34,-1,7,0,4,0,1,-1,,,9,2,Internet
,Apr,16-22,16/04/2021,26,Ipsos,ES,40,-5,37,-1,8,2,5,0,,,,,3,-4,Phone
,Apr,17-19,17/04/2021,,YouGov,,,,,,,,,,,,,,,,Internet
,Apr,19,19/04/2021,19,R+W,,44,1,34,-2,10,3,4,-1,3,0,,,10,3,Internet
,Apr,21-22,21/04/2021,23,YouGov,TT,44,1,34,5,5,-3,7,-1,2,-1,,,10,-4,Internet
,Apr,21-23,21/04/2021,25,Opinium,Ob,44,-1,33,-3,7,1,5,1,0,0,2,1,11,2,Internet
,Apr,22-26,22/04/2021,,BMG,Ind,39,0,35,-2,9,0,6,0,3,0,,,4,2,Internet
,Apr,22-26,22/04/2021,28,Kantar,,41,-1,33,-1,10,1,7,3,3,1,1,0,8,0,Internet
,Apr,23-25,23/04/2021,28,Savanta ComRes,,42,-1,35,1,8,1,3,-1,2,1,,,7,-2,Internet
,Apr,24-26,24/04/2021,,YouGov,,,,,,,,,,,,,,,,Internet
,Apr,26,26/04/2021,26,R+W,,44,0,34,0,8,-2,4,0,3,0,,,10,0,Internet
,Apr,27-28,27/04/2021,29,YouGov,TT,44,0,33,-1,7,2,7,0,3,1,,,11,1,Internet
,Apr,27-29,27/04/2021,1,Survation,DM,39,-1,38,4,9,0,6,-1,,,,,1,-5,Internet
,Apr,28-29,28/04/2021,29,NCP,,43,1,34,-3,5,-2,7,2,2,0,,,9,4,Internet
,Apr,28-30,28/04/2021,2,Opinium,Ob,42,-2,37,4,7,0,4,-1,0,0,2,0,5,-6,Internet
,Apr,29-30,29/04/2021,1,Focaldata,ST,40,,39,,6,,4,,3,,,,1,,Internet
,Apr,30-2,30/04/2021,4,Savanta ComRes,,40,-2,36,1,8,0,4,1,2,0,,,4,-3,Internet
,May,1-3,01/05/2021,,YouGov,,,,,,,,,,,,,,,,Internet
,May,3,03/05/2021,3,R+W,,40,-4,38,4,7,-1,5,1,3,0,,,2,-8,Internet
,May,4-5,04/05/2021,5,Panelbase,,45,,36,,6,,5,,,,,,9,,Internet
,May,4-5,04/05/2021,6,YouGov,TT,43,-1,33,0,7,0,6,-1,3,0,,,10,-1,Internet
,May,7-9,07/05/2021,11,Savanta ComRes,,42,2,34,-2,8,0,4,0,2,0,,,8,4,Internet
,May,7-10,07/05/2021,13,Ipsos,,,,,,,,,,,,,,,,Internet
,May,8-10,08/05/2021,,YouGov,,,,,,,,,,,,,,,,Internet
,May,10,10/05/2021,10,R+W,,45,5,34,-4,8,1,5,0,2,-1,,,11,9,Internet
,May,11-12,11/05/2021,14,YouGov,TT,45,2,30,-3,7,0,8,2,2,-1,,,15,5,Internet
,May,13-14,13/05/2021,16,Opinium,Ob,44,2,31,-6,8,1,7,3,0,0,2,0,13,8,Internet
,May,13-15,13/05/2021,16,Find Out Now / Electoral Calculus,STel,43,,30,,11,,9,,2,,,,13,,Internet
,May,14-16,14/05/2021,17,Savanta ComRes,,43,1,32,-2,8,0,5,1,2,0,,,11,3,Internet
,May,15-17,15/05/2021,,YouGov,,,,,,,,,,,,,,,,Internet
,May,17,17/05/2021,17,R+W,,42,-3,33,-1,10,2,6,1,2,0,,,9,-2,Internet
,May,19-20,19/05/2021,21,YouGov,TT,46,1,28,-2,8,1,8,0,2,0,,,18,3,Internet
,May,21-23,21/05/2021,27,Savanta ComRes,,43,0,34,2,9,1,4,-1,2,0,,,9,-2,Internet
,May,22-24,22/05/2021,,YouGov,,,,,,,,,,,,,,,,Internet
,May,24,24/04/2021,24,R+W,,43,1,33,0,10,0,5,-1,3,1,,,10,1,Internet
,May,25-26,25/05/2021,27,Survation,,44,5,33,-5,8,-1,6,0,,,,,11,10,Internet
,May,27-28,27/05/2021,28,NCP,,44,1,32,-2,7,2,8,1,2,0,,,12,3,Internet
,May,27-28,27/05/2021,29,Survation,DM,43,-1,33,0,10,2,5,-1,,,,,10,-1,Internet
,May,27-28,27/05/2021,29,YouGov,TT,43,-3,29,1,8,0,8,0,3,1,,,14,-4,Internet
,May,27-28,27/05/2021,30,Opinium,Ob,42,-2,36,5,6,-2,5,-2,1,1,1,-1,6,-7,Internet
,May,28-30,28/05/2021,3,Savanta ComRes,,42,-1,32,-2,9,0,5,1,2,0,,,10,1,Internet
,May,28-3,28/05/2021,7,Ipsos,ES,44,4,35,-2,6,-2,7,2,,,,,9,6,Phone
,May,29-31,29/05/2021,,YouGov,,,,,,,,,,,,,,,,Internet
,May,31,31/05/2021,31,R+W,,45,2,34,1,8,-2,5,0,3,0,,,11,1,Internet
,Jun ,1-2,01/06/2021,4,Survation,,41,-2,33,0,9,-1,6,1,,,,,8,-2,Internet
,Jun ,2-3,02/06/2021,4,YouGov,TT,46,3,30,1,6,-2,9,1,2,1,,,16,2,Internet
,Jun,3-7,03/06/2021,10,Kantar,,45,4,32,-1,8,-2,6,-1,2,-1,1,0,13,5,Internet
,Jun,4-6,04/06/2021,9,Savanta ComRes,,44,2,32,0,8,-1,5,0,2,0,,,12,2,Internet
,Jun,5-7,05/06/2021,,YouGov,,,,,,,,,,,,,,,,Internet
,Jun,7,07/06/2021,7,R+W,,43,-2,36,2,7,-1,5,0,1,-2,,,7,-4,Internet
,Jun,7-14,07/06/2021,17,NCP,ITV,45,1,34,2,5,-2,7,-1,3,1,,,11,-1,Internet
,Jun ,9-10,09/06/2021,11,YouGov,TT,44,-2,31,1,7,1,9,0,2,0,,,13,-3,Internet
,Jun ,9-10,09/06/2021,15,Survation,,42,1,35,2,9,0,5,-1,,,,,7,-1,Internet
,Jun,10-11,10/06/2021,13,Opinium,Ob,43,1,34,-2,6,0,7,2,,,,,9,3,Internet
,Jun,11-13,11/06/2021,16,Savanta ComRes,,41,-3,34,2,8,0,6,1,2,0,,,7,-5,Internet
,Jun ,11-15,11/06/2021,23,Survation,,41,-1,33,-2,8,-1,7,2,,,,,8,1,Internet
,Jun,12-14,12/06/2021,,YouGov,,,,,,,,,,,,,,,,Internet
,Jun,13,13/06/2021,14,R+W,,44,1,34,-2,9,2,5,0,2,1,,,10,3,Internet
,Jun,16-17,16/06/2021,21,YouGov,TT,45,1,31,0,6,-1,7,-2,4,2,,,14,1,Internet
,Jun,17-20,17/06/2021,22,Deltapoll,,41,-4,35,-1,10,4,5,1,2,-2,3,,6,-3,Internet
,Jun,18-20,18/06/2021,22,Savanta ComRes,,44,3,30,-4,10,2,5,-1,1,-1,,,14,7,Internet
,Jun,18-20,18/06/2021,,YouGov,,,,,,,,,,,,,,,,Internet
,Jun,19-21,19/06/2021,,YouGov,,,,,,,,,,,,,,,,Internet
,Jun,21,21/06/2021,21,R+W,,44,0,33,-1,10,1,4,-1,3,1,,,11,1,Internet
,Jun,23-24,23/06/2021,25,YouGov,TT,42,-3,30,-1,9,3,7,0,4,0,,,12,-2,Internet
,Jun,23-25,23/06/2021,27,Opinium,Ob,43,0,35,1,7,1,5,-2,,,,,8,-1,Internet
,Jun,25-26,25/06/2021,1,Survation,,41,0,35,2,10,2,5,-2,,,,,6,-2,Internet
,Jun,25-27,25/06/2021,29,Savanta ComRes,,42,-2,33,3,9,-1,5,0,2,1,,,9,-5,Internet
,Jun,25-28,25/06/2021,1,Ipsos,,,,,,,,,,,,,,,,Internet
,Jun,26-28,26/06/2021,,YouGov,,,,,,,,,,,,,,,,Internet
,Jun,28,28/06/2021,28,R+W,,41,-3,34,1,9,-1,5,1,3,0,,,7,-4,Internet
,Jun,29-30,29/06/2021,5,YouGov,TT,42,0,31,1,10,1,6,-1,3,-1,,,11,-1,Internet
,Jul,2-4,02/07/2021,6,Savanta ComRes,,41,-1,35,2,8,-1,4,-1,3,1,,,6,-3,Internet
,Jul,2-8,02/07/2021,14,Ipsos,ES,40,-4,31,-4,13,7,6,-1,,,,,9,0,Phone
,Jul,3-5,03/07/2021,,YouGov,,,,,,,,,,,,,,,,Internet
,Jul,5,05/07/2021,5,R+W,,43,2,34,0,8,-1,6,1,4,1,,,9,2,Internet
,Jul,5-13,05/07/2021,13,Survation,,43,2,32,-3,9,-1,6,1,,,,,11,5,Internet
,Jul,7-8,07/07/2021,13,YouGov,TT,42,0,30,-1,9,-1,7,1,2,-1,,,12,1,Internet
,Jul,7-12,07/07/2021,15,Kantar,,44,-1,31,1,12,4,4,-2,1,-1,0,-1,13,0,Internet
,Jul,8-9,08/07/2021,11,Opinium,Ob,43,0,35,0,6,-1,6,1,,,,,8,0,Internet
,Jul,9-11,09/07/2021,14,Savanta ComRes,,40,-1,35,0,9,1,6,2,2,-1,,,5,-1,Internet
,Jul,10-12,10/07/2021,,YouGov,,,,,,,,,,,,,,,,Internet
,Jul,12,12/07/2021,12,R+W,,41,-2,33,-1,12,4,6,0,3,-1,,,8,-1,Internet
,Jul,15-16,15/07/2021,19,YouGov,,44,2,31,1,8,-1,6,-1,3,1,,,13,1,Internet
,Jul,16-18,16/07/2021,22,Savanta ComRes,,41,1,34,-1,8,-1,5,-1,2,0,,,7,2,Internet
,Jul,17-19,17/07/2021,,YouGov,,,,,,,,,,,,,,,,Internet
,Jul,19,19/07/2021,19,R+W,,42,1,33,0,10,-2,5,-1,3,0,,,9,1,Internet
,Jul,19-20,19/07/2021,20,Survation,,39,-4,35,3,11,2,5,-1,,,,,4,-7,Internet
,Jul,20-21,20/07/2021,24,YouGov,TT,38,-6,34,3,9,1,8,2,3,0,,,4,-9,Internet
,Jul,22-23,22/07/2021,25,Opinium,Ob,43,0,35,0,8,2,5,-1,,,,,8,0,Internet
,Jul,23,23/07/2021,26,Survation,,39,0,37,2,10,-1,5,0,,,,,2,-2,Internet
,Jul,23-26,23/07/2021,26,Deltapoll,,42,1,37,2,6,-4,6,1,2,0,3,0,5,-1,Internet
,Jul,23-25,23/07/2021,28,Savanta ComRes,,40,-1,34,0,10,2,4,-1,2,0,,,6,-1,Internet
,Jul,23-26,23/07/2021,4,Ipsos,,,,,,,,,,,,,,,,Internet
,Jul,24-26,24/07/2021,,YouGov,,,,,,,,,,,,,,,,Internet
,Jul,25,25/07/2021,26,R+W,,40,-2,36,3,9,-1,6,1,4,1,,,4,-5,Internet
,Jul,28-29,28/07/2021,30,YouGov,TT,39,1,34,0,8,-1,9,1,3,0,,,5,1,Internet
,Jul,30-1,30/07/2021,3,Savanta ComRes,,40,0,34,0,10,0,6,2,1,-1,,,6,0,Internet
,Jul,30-9,30/07/2021,12,Ipsos,ES,41,1,30,-1,13,0,8,2,,,,,11,2,Phone
,Jul,31-2,31/07/2021,3,YouGov,,,,,,,,,,,,,,,,Internet
,Aug,2,02/08/2021,2,R+W,,41,1,34,-2,11,2,6,0,3,-1,,,7,3,Internet
,Aug,5-6,05/08/2021,8,Opinium,Ob,42,-1,35,0,7,-1,5,0,,,,,7,-1,Internet
,Aug,5-6,05/08/2021,11,YouGov,TT,41,2,33,-1,8,0,7,-2,3,0,,,8,3,Internet
,Aug,6-8,06/08/2021,12,Savanta ComRes,,41,1,33,-1,10,0,4,-2,2,1,,,8,2,Internet
,Aug,7-9,07/08/2021,,YouGov,,,,,,,,,,,,,,,,Internet
,Aug,9,09/08/2021,9,R+W,,40,-1,37,3,9,-2,6,0,3,0,,,3,-4,Internet
,Aug,11-12,11/08/2021,13,YouGov,TT,40,-1,32,-1,9,1,7,0,2,-1,,,8,0,Internet
,Aug,13-15,13/08/2021,19,Savanta ComRes,,41,0,34,1,9,-1,4,0,2,0,,,7,-1,Internet
,Aug,14-16,14/08/2021,,YouGov,,,,,,,,,,,,,,,,Internet
,Aug,16,16/08/2021,16,R+W,,40,0,36,-1,10,1,5,-1,3,0,,,4,1,Internet
,Aug,17-18,17/08/2021,20,YouGov,TT,40,0,32,0,9,0,8,1,3,1,,,8,0,Internet
,Aug,19-20,19/08/2021,22,Opinium,Ob,39,-3,36,1,8,1,6,1,,,,,3,-4,Internet
,Aug,19-23,19/08/2021,26,Kantar,,37,-7,34,3,14,2,5,1,2,1,2,2,3,-10,Internet
,Aug,19-23,19/08/2021,44461,Opinium,Progressive Britain,39,,35,,9,,6,,,,,,4,,Internet
,Aug,20-22,20/08/2021,26,Savanta ComRes,,41,0,34,0,9,0,4,0,2,0,,,7,0,Internet
,Aug,21-23,21/08/2021,,YouGov,,,,,,,,,,,,,,,,Internet
,Aug,23,23/08/2021,23,R+W,,43,3,33,-3,10,0,6,1,3,0,,,10,6,Internet
,Aug,25-26,25/08/2021,2,YouGov,TT,39,-1,31,-1,8,-1,9,1,4,1,,,8,0,Internet
,Aug,27-29,27/08/2021,2,Savanta ComRes,,40,-1,34,0,10,1,5,1,2,0,,,6,0,Internet
,Aug,27-29,27/08/2021,,YouGov,,,,,,,,,,,,,,,,Internet
,Aug,29,29/08/2021,30,R+W,,41,-2,33,0,9,-1,5,-1,4,1,,,8,-2,Internet
,Sep,2-3,02/09/2021,5,Opinium,Ob,40,1,35,-1,7,-1,6,0,,,,,5,2,Internet
,Sep,2-3,02/09/2021,5,Deltapoll,Sun on Sunday,41,-1,33,-4,9,3,7,1,3,1,3,0,8,3,Internet
,Sep,2-3,02/09/2021,6,YouGov,TT,38,-1,34,3,8,0,10,1,3,-1,,,4,-4,Internet
,Sep,2-30,02/09/2021,44484,YouGov,,38,,33,,9,,8,,4,,,,5,,Internet
,Sep,3-5,03/09/2021,10,Savanta ComRes,,40,0,36,2,9,-1,4,-1,3,1,,,4,-2,Internet
,Sep,3-6,03/09/2021,10,Ipsos,,,,,,,,,,,,,,,,Internet
,Sep,4-6,04/09/2021,,YouGov,,,,,,,,,,,,,,,,Internet
,Sep,6,06/09/2021,6,R+W,,41,0,32,-1,11,2,6,1,4,0,,,9,1,Internet
,Sep,6-8,06/09/2021,11,Find Out Now / Electoral Calculus,DT,37,,33,,12,,8,,4,,,,4,,Internet
,Sep,8-9,08/09/2021,10,YouGov,TT,33,-5,35,1,10,2,9,-1,5,2,,,-2,-6,Internet
,Sep,9-11,09/09/2021,12,Opinium,Ob,38,-2,38,3,8,1,6,0,,,,,0,-5,Internet
,Sep,9-16,09/09/2021,17,Panelbase,,41,,36,,10,,5,,,,,,5,,Internet
,Sep,10-12,10/09/2021,15,Savanta ComRes,,39,-1,35,-1,9,0,6,2,3,0,,,4,0,Internet
,Sep,10-14,10/09/2021,17,Survation,,40,1,36,-1,9,-1,5,0,,,,,4,2,Internet
,Sep,11-12,11/09/2021,,YouGov,,,,,,,,,,,,,,,,Internet
,Sep,13,13/09/2021,13,R+W,,39,-2,35,3,9,-2,6,0,5,1,,,4,-5,Internet
,Sep,15-16,15/09/2021,17,YouGov,TT,39,6,35,0,7,-3,7,-2,3,-2,,,4,6,Internet
,Sep,16-17,16/09/2021,19,Opinium,Ob,40,2,37,-1,7,-1,6,0,,,,,3,3,Internet
,Sep,16-17,16/09/2021,,YouGov,,,,,,,,,,,,,,,,Internet
,Sep,17-19,17/09/2021,22,Savanta ComRes,,40,1,35,0,9,0,5,-1,2,-1,,,5,1,Internet
,Sep,17-23,17/09/2021,27,Ipsos,ES,39,-2,36,6,9,-4,6,-2,,,,,3,-8,Phone
,Sep,18-19,18/09/2021,,YouGov,,,,,,,,,,,,,,,,Internet
,Sep,20,20/09/2021,20,R+W,,41,2,35,0,8,-1,7,1,3,-2,,,6,2,Internet
,Sep,21-22,21/09/2021,22,Survation,,40,0,35,-1,8,-1,4,-1,,,,,5,1,Internet
,Sep,22-23,22/09/2021,24,YouGov,TT,39,0,32,-3,10,3,9,2,3,0,,,7,3,Internet
,Sep,23-27,23/09/2021,30,Kantar,,43,6,30,-4,11,-3,6,1,1,-1,1,-1,13,10,Internet
,Sep,24-26,24/09/2021,,YouGov,,,,,,,,,,,,,,,,Internet
,Sep,24-26,24/09/2021,,YouGov,,,,,,,,,,,,,,,,Internet
,Sep,27,27/09/2021,29,R+W,,41,0,35,0,10,2,5,-2,3,0,,,6,0,Internet
,Sep,27-28,29/09/2021,,YouGov,,,,,,,,,,,,,,,,Internet
,Sep,28-29,28/09/2021,30,YouGov,TT,39,0,31,-1,8,-2,9,0,4,1,,,8,1,Internet
,Sep,29,29/09/2021,30,Survation,,41,1,36,1,8,0,5,1,,,,,5,0,Internet
,Sep,29-1,29/09/2021,2,Opinium,Ob,39,-1,35,-2,8,1,6,0,,,,,4,1,Internet
,Oct,1-3,01/10/2021,6,Savanta ComRes,,40,0,35,0,9,0,4,-1,3,1,,,5,0,Internet
,Oct,2-4,02/10/2021,,YouGov,,,,,,,,,,,,,,,,Internet
,Oct,4,04/10/2021,4,R+W,,40,-1,37,2,10,0,4,-1,3,0,,,3,-3,Internet
,Oct,5-6,05/10/2021,7,YouGov,TT,39,0,31,0,9,1,9,0,4,0,,,8,0,Internet
,Oct,6-7,06/10/2021,11,Survation,DM,39,-2,35,-1,9,1,5,0,,,,,4,-1,Internet
,Oct,8-10,08/10/2021,14,Savanta ComRes,,40,0,35,0,8,-1,5,1,2,-1,,,5,0,Internet
,Oct,8-12,08/10/2021,20,Ipsos,,,,,,,,,,,,,,,,Internet
,Oct,9-11,09/10/2021,,YouGov,,,,,,,,,,,,,,,,Internet
,Oct,11,11/10/2021,11,R+W,,40,0,36,-1,9,-1,6,2,4,1,,,4,1,Internet
,Oct,11-18,11/10/2021,18,NCP,,40,,32,,6,,9,,3,,,,8,,Internet
,Oct,12-13,12/10/2021,14,YouGov,TT,41,2,31,0,9,0,8,-1,4,0,,,10,2,Internet
,Oct,13-15,13/10/2021,17,Opinium,Ob,41,2,37,2,7,-1,5,-1,,,,,4,0,Internet
,Oct,13-15,13/10/2021,17,Deltapoll,MoS,38,-3,37,4,9,0,6,-1,2,-1,2,-1,1,-7,Internet
,Oct,14-18,14/10/2021,21,Kantar,,39,-4,34,4,8,-3,8,2,2,1,1,0,5,-8,Internet
,Oct,16-18,16/10/2021,,YouGov,,,,,,,,,,,,,,,,Internet
,Oct,15-17,15/10/2021,21,Savanta ComRes,,40,0,35,0,8,0,5,0,3,1,,,5,0,Internet
,Oct,18,18/10/2021,18,R+W,,40,0,37,1,9,0,5,-1,3,-1,,,3,-1,Internet
,Oct,20-21,20/10/2021,22,YouGov,TT,37,-4,33,2,9,0,10,2,4,0,,,4,-6,Internet
,Oct,22-24,22/10/2021,27,Savanta ComRes,,37,-3,35,0,8,0,7,2,4,1,,,2,-3,Internet
,Oct,23-25,23/10/2021,25,YouGov,,,,,,,,,,,,,,,,Internet
,Oct,25,25/10/2021,25,R+W,,39,-1,36,-1,10,1,6,1,4,1,,,3,0,Internet
,Oct,27-28,27/10/2021,29,YouGov,TT,39,2,33,0,8,-1,10,0,3,-1,,,6,2,Internet
,Oct,27-29,27/10/2021,30,Opinium,Ob,40,-1,35,-2,8,1,7,2,,,,,5,1,Internet
,Oct,29-31,29/10/2021,4,Savanta ComRes,,40,3,35,0,9,1,4,-3,3,-1,,,5,3,Internet
,Oct,29-4,29/10/2021,8,Ipsos,ES,35,-4,36,0,9,0,11,5,,,,,1,-4,Phone
,Oct,30-1,30/10/2021,1,YouGov,,,,,,,,,,,,,,,,Internet
,Nov,1,01/11/2021,1,R+W,,40,1,35,-1,10,0,6,0,3,-1,,,5,2,Internet
,Nov,3-4,03/11/2021,5,YouGov,TT,36,-3,35,2,8,0,9,-1,5,2,,,1,-5,Internet
,Nov,3-5,03/11/2021,7,Deltapoll,MoS,40,2,37,0,8,-1,6,0,2,0,2,0,3,2,Internet
,Nov,5-6,05/11/2021,7,Opinium,Ob,37,-3,36,1,9,1,6,-1,,,,,1,-4,Internet
,Nov,5-7,05/11/2021,9,Savanta ComRes,,38,-2,35,0,10,1,4,0,3,0,,,3,-2,Internet
,Nov,5-8,05/11/2021,27,Find Out Now / Electoral Calculus,DT,36,-1,35,2,11,-1,8,0,2,-2,,,1,-3,Internet
,Nov,6-8,06/11/2021,,YouGov,,,,,,,,,,,,,,,,Internet
,Nov,8,08/11/2021,8,R+W,,37,-3,36,1,10,0,6,0,5,2,,,1,-4,Internet
,Nov,10,10/11/2021,11,R+W,,36,-1,38,2,10,0,6,0,3,-2,,,-2,-3,Internet
,Nov,10-11,10/11/2021,12,YouGov,TT,35,-1,35,0,8,0,10,1,4,-1,,,0,-1,Internet
,Nov,10-12,10/11/2021,14,Opinium,Ob,36,-1,37,1,9,0,7,1,,,,,-1,-2,Internet
,Nov,10-19,10/11/2021,19,Panelbase,,38,-3,39,3,9,-1,6,1,,,,,-1,-6,Internet
,Nov,11-12,11/11/2021,13,Savanta ComRes,DM,34,-4,40,5,10,0,5,1,3,0,,,-6,-9,Internet
,Nov,11-15,11/11/2021,17,Survation,38 Degrees,37,-2,37,2,10,1,4,-1,2,,,,0,-4,Internet
,Nov,13-15,13/11/2021,,YouGov,,,,,,,,,,,,,,,,Internet
,Nov,15,15/11/2021,15,R+W,,36,0,37,-1,10,0,5,-1,4,1,,,-1,1,Internet
,Nov,16-17,16/11/2022,3/1,YouGov,,,,,,,,,,,,,,,,Internet
,Nov,17-18,17/11/2021,19,YouGov,TT,36,1,34,-1,7,-1,10,0,5,1,,,2,2,Internet
,Nov,18-22,18/11/2021,25,Kantar,,39,0,36,2,10,2,5,-3,2,0,2,1,3,-2,Internet
,Nov,19-21,19/11/2021,24,Savanta ComRes,,36,2,38,-2,10,0,5,0,3,0,,,-2,4,Internet
,Nov,19-23,19/11/2021,29,Ipsos,,,,,,,,,,,,,,,,Internet
,Nov,20-22,20/11/2021,,YouGov,,,,,,,,,,,,,,,,Internet
,Nov,21,21/11/2021,22,R+W,,37,1,37,0,9,-1,6,1,4,0,,,0,1,Internet
,Nov,24-25,24/11/2021,26,YouGov,TT,36,0,35,1,7,0,8,-2,6,1,,,1,-1,Internet
,Nov,24-26,24/11/2021,28,Opinium,Ob,36,0,38,1,8,-1,6,-1,,,,,-2,-1,Internet
,Nov,26-28,26/11/2021,30,Savanta ComRes,,37,1,37,-1,8,-2,5,0,4,1,,,0,2,Internet
,Nov,27-29,27/11/2021,,YouGov,,,,,,,,,,,,,,,,Internet
,Nov,29,29/11/2021,29,R+W,,38,1,36,-1,10,1,6,0,4,0,,,2,2,Internet
,Nov,29-1,29/11/2021,6,Find Out Now / Electoral Calculus,DT,36,0,35,0,11,0,8,0,3,1,,,1,0,Internet
,Nov,30-1,30/11/2021,,YouGov,,,,,,,,,,,,,,,,Internet
,Nov,30-1,30/11/2021,7,Survation,,36,-1,39,2,9,-1,3,-1,3,1,,,-3,-3,Internet
,Dec,1-2,01/12/2021,3,YouGov,TT,36,0,33,-2,9,2,9,1,6,0,,,3,2,Internet
,Dec,1-21,01/12/2021,25,Focaldata,TT,32,,40,,10,,7,,,,,,,,Internet
,Dec,2-3,02/12/2020,3/1,YouGov,,,,,,,,,,,,,,,,Internet
,Dec,2-4,02/12/2021,5,Deltapoll,Sun on Sunday,37,-3,38,1,10,2,5,-1,2,0,2,0,-1,-4,Internet
,Dec,3-5,03/12/2021,7,Savanta ComRes,,38,1,37,0,9,1,5,0,2,-2,,,1,1,Internet
,Dec,3-10,03/12/2021,13,Ipsos,ES,34,-1,39,3,11,2,7,-4,,,,,-5,-6,Phone
,Dec,4-6,04/12/2021,,YouGov,,,,,,,,,,,,,,,,Internet
,Dec,6,06/12/2021,6,R+W,,38,0,36,0,9,-1,6,0,4,0,,,2,0,Internet
,Dec,8,08/12/2021,8,R+W,,34,-4,38,2,11,2,6,0,5,1,,,-4,-6,Internet
,Dec,8-9,08/12/2021,9,YouGov,TT,33,-3,37,4,9,0,7,-2,6,0,,,-4,-7,Internet
,Dec,8-9,08/12/2021,10,Survation,Mirror,34,-2,40,1,10,1,4,1,3,1,1,,-6,-3,Internet
,Dec,8-10,08/12/2021,12,Opinium,Ob,32,-4,41,3,9,1,5,-1,,,,,-9,-7,Internet
,Dec,9,09/12/2021,10,Focaldata,Times Radio,33,,41,,7,,6,,6,,,,-8,,Internet
,Dec,9-10,09/12/2021,11,Savanta ComRes,DM,33,-5,39,2,9,0,4,-1,4,2,,,-6,-7,Internet
,Dec,9-10,09/12/2021,11,YouGov,TT,32,-1,40,3,8,-1,7,0,7,1,,,-8,-4,Internet
,Dec,9-13,09/12/2021,16,Kantar,,34,-5,38,2,11,1,7,2,3,1,2,0,-4,-7,Internet
,Dec,10-11,10/12/2021,13,Survation,ITV,32,-2,39,-1,9,-1,5,1,4,1,1,0,-7,-1,Internet
,Dec,11-13,11/12/2021,,YouGov,,,,,,,,,,,,,,,,Internet
,Dec,13,13/12/2021,13,R+W,,32,-2,37,-1,11,0,7,1,7,2,,,-5,-1,Internet
,Dec,13-14,13/12/2022,,Survation,38 Degrees,34,2,40,1,8,-1,4,-1,3,-1,1,0,-6,1,Internet
,Dec,13-14,13/12/2021,27,Survation,38 Degrees,35,,41,,9,,5,,,,,,-6,,Internet
,Dec,14-15,14/02/2021,16,YouGov,TT,32,0,37,-3,10,2,7,0,6,-1,,,-5,3,Internet
,Dec,14-15,14/12/2021,17,Find Out Now / Electoral Calculus,DT,30,-6,38,3,10,-1,10,2,7,4,,,-8,-9,Internet
,Dec,16,16/12/2021,17,Savanta ComRes,DE,34,1,38,-1,10,1,4,0,4,0,,,-4,2,Internet
,Dec,17-19,17/12/2021,22,Savanta ComRes,,32,-2,37,-1,13,3,5,1,4,0,,,-5,-1,Internet
,Dec,17-28,17/12/2022,,Techne,,32,,37,,11,,4,,,,,,-5,,Internet
,Dec,18-20,18/12/2021,,YouGov,,,,,,,,,,,,,,,,Internet
,Dec,19-20,19/12/2021,22,YouGov,TT,30,-2,36,-1,12,2,8,1,5,-1,,,-6,-1,Internet
,Dec,20,20/12/2021,20,R+W,,31,-1,39,2,13,2,6,-1,5,-2,,,-8,-3,Internet
,Dec,20-21,20/12/2021,22,Focaldata,,34,1,41,0,9,2,4,-2,3,-3,,,-7,1,Internet
,Dec,21-23,21/12/2021,26,Opinium,Ob,32,0,39,-2,11,2,6,1,,,,,-7,2,Internet
,Dec,23-30,23/12/2021,2,Deltapoll,MoS,35,-2,40,2,10,0,4,-1,3,1,1,-1,-5,-4,Internet
,Dec,25-27,25/12/2021,4/1,YouGov,,,,,,,,,,,,,,,,Internet
2022,Jan,1-3,01/01/2022,4/1,YouGov,,,,,,,,,,,,,,,,Internet
,Jan,3,03/01/2022,3,R+W,,35,4,38,-1,10,-3,5,-1,4,-1,,,-3,5,Internet
,Jan,5-7,05/01/2022,9,Opinium,Ob,34,2,39,0,11,0,5,-1,,,,,-5,2,Internet
,Jan,6-7,06/01/2022,10,YouGov,TT,33,3,37,1,10,-2,6,-2,5,0,,,-4,2,Internet
,Jan,7-9,07/01/2022,11,Savanta ComRes,,33,1,37,0,11,-2,5,0,4,0,,,-4,1,Internet
,Jan,7-10,07/01/2022,12,Ipsos,,,,,,,,,,,,,,,,Internet
,Jan,8-10,08/01/2022,11,YouGov,,,,,,,,,,,,,,,,Internet
,Jan,10,10/01/2022,10,R+W,,35,0,39,1,12,2,5,0,4,0,,,-4,-1,Internet
,Jan,11-12,11/01/2022,13,YouGov,TT,28,-5,38,1,13,3,7,1,4,-1,,,-10,-6,Internet
,Jan,11-23,11/01/2022,44619,JL Partners,ST,31,,45,,11,,8,,,,,,-14,,Internet
,Jan,12-13,12/01/2022,13,Focaldata,,33,-1,42,1,11,2,4,0,3,0,,,-9,-2,Internet
,Jan,12-13,12/01/2022,14,YouGov,TT,29,1,40,2,11,-2,6,1,6,2,,,-11,-1,Internet
,Jan,12-14,12/01/2022,16,Opinium,Ob,31,-3,41,2,9,-2,6,1,,,,,-10,-5,Internet
,Jan,12-16,12/01/2022,17,Deltapoll,,32,-3,41,1,11,1,5,1,2,-1,2,1,-9,-4,Internet
,Jan,13,13/01/2022,14,Find Out Now / Electoral Calculus,,27,-3,41,3,11,1,8,-2,5,-2,,,-14,-6,Internet
,Jan,13-14,13/01/2022,14,Savanta ComRes,,32,-1,42,5,11,0,4,-1,2,-2,,,-10,-6,Internet
,Jan,13-14,13/01/2022,18,YouGov,TT,31,2,39,-1,11,0,6,0,5,-1,,,-8,3,Internet
,Jan,14-16,14/01/2022,19,Savanta ComRes,,32,0,41,-1,11,0,4,0,3,1,,,-9,1,Internet
,Jan,14-17,14/01/2022,21,Survation,38 Degrees,33,-1,43,3,10,2,3,-1,2,-1,1,0,-10,-4,Internet
,Jan,14-18,14/01/2022,20,Ipsos,,,,,,,,,,,,,,,,Internet
,Jan,15-17,15/01/2022,17,YouGov,,,,,,,,,,,,,,,,Internet
,Jan,17,17/01/2022,17,R+W,,30,-5,43,4,9,-3,7,2,4,0,,,-13,-9,Internet
,Jan,17-18,17/01/2022,,YouGov,,,,,,,,,,,,,,,,Internet
,Jan,19-25,19/01/2022,27,Ipsos,ES,31,-3,40,1,13,2,9,2,,,,,-9,-4,Phone
,Jan,20-21,20/01/2022,24,YouGov,TT,32,1,39,0,8,-3,8,2,4,-1,,,-7,1,Internet
,Jan,20-24,20/01/2022,27,Kantar,,34,0,38,0,11,0,7,0,2,-1,1,-1,-4,0,Internet
,Jan,21-23,21/01/2022,25,Savanta ComRes,,32,0,40,-1,11,0,4,0,3,0,,,-8,1,Internet
,Jan,22-24,22/01/2022,25,YouGov,,,,,,,,,,,,,,,,Internet
,Jan,24,24/01/2022,24,R+W,,34,4,41,-2,11,2,5,-2,3,-1,,,-7,6,Internet
,Jan,23,25/01/2022,27,Survation,,35,2,40,-3,10,0,3,0,3,1,0,-1,-5,5,Internet
,Jan,25-27,25/01/2022,30,Deltapoll,Mirror,32,0,42,1,10,-1,6,1,1,-1,1,-1,-10,-1,Internet
,Jan,26-27,26/01/2022,28,YouGov,TT,32,0,38,-1,11,3,7,-1,3,-1,,,-6,1,Internet
,Jan,27-28,27/01/2022,30,Opinium,Ob,34,3,39,-2,9,0,5,-1,,,,,-5,5,Internet
,Jan,27,27/01/2022,4/2,Techne,,31,-1,38,1,12,1,6,2,,,,,-7,-2,Internet
,Jan,28-30,28/01/2022,1,Savanta ComRes,,33,1,44,4,9,-2,3,-1,3,0,,,-11,-3,Internet
,Jan,28-31,28/01/2022,11,YouGov,,,,,,,,,,,,,,,,Internet
,Jan,29-31,29/01/2022,1,YouGov,,,,,,,,,,,,,,,,Internet
,Jan,31,31/01/2022,31,R+W,,33,-1,40,-1,11,0,6,1,3,0,,,-7,0,Internet
,Feb,1-2,01/02/2022,7,YouGov,TT,32,0,41,3,10,-1,6,-1,4,1,,,-9,-3,Internet
,Feb,1-2,01/02/2022,7,Ipsos,,,,,,,,,,,,,,,,Internet
,Feb,1-2,01/02/2022,4,Techne,,32,1,40,2,10,-2,6,0,,,,,-8,-1,Internet
,Feb,3-4,03/02/2022,6,Deltapoll,Sun on Sunday,34,2,41,-1,10,0,5,-1,2,1,2,1,-7,3,Internet
,Feb,4-6,04/02/2022,9,Savanta ComRes,,33,0,42,-2,9,0,5,2,3,0,,,-9,2,Internet
,Feb,5-7,05/03/2022,,YouGov,,,,,,,,,,,,,,,,Internet
,Feb,7,07/02/2022,7,R+W,,32,-1,42,2,9,-2,6,0,4,1,,,-10,-3,Internet
,Feb,8-9,08/02/2022,11,YouGov,,,,,,,,,,,,,,,,Internet
,Feb,8-9,08/02/2022,11,Techne,,33,1,41,1,9,-1,6,0,,,,,-8,0,Internet
,Feb,9-11,09/02/2022,13,Opinium,Ob,32,-2,42,3,9,0,5,0,,,,,-10,-5,Internet
,Feb,9-11,09/02/2022,13,Opinium,Ob,34,,37,,11,,6,,,,,,-3,,Internet
,Feb,10-11,10/02/2022,14,YouGov,TT,34,2,37,-4,10,0,8,2,4,0,,,-3,6,Internet
,Feb,11-13,11/02/2022,16,Savanta ComRes,Ind,32,-1,41,-1,11,2,4,-1,3,0,,,-9,0,Internet
,Feb,12-13,12/02/2022,16,YouGov,,,,,,,,,,,,,,,,Internet
,Feb,14,14/02/2022,14,R+W,,33,1,38,-4,11,2,6,0,5,1,,,-5,5,Internet
,Feb,14-18,14/02/2022,24,Find Out Now / Electoral Calculus,,32,5,38,-3,13,2,7,-1,3,-2,,,-6,8,Internet
,Feb,16-17,16/02/2022,18,Techne,,34,1,39,-2,10,1,6,0,,,,,-5,3,Internet
,Feb,16-17,16/02/2022,18,YouGov,TT,34,0,38,1,10,0,6,-2,4,0,,,-4,-1,Internet
,Feb,17-18,17/02/2022,24,YouGov,,,,,,,,,,,,,,,,Internet
,Feb,17-21,17/02/2022,23,Survation,,35,0,42,2,9,-1,3,0,2,-1,0,0,-7,-2,Internet
,Feb,17-21,17/02/2022,24,Kantar,,34,0,39,1,12,1,6,-1,2,0,1,0,-5,-1,Internet
,Feb,18-20,18/02/2022,24,Savanta ComRes,Ind,33,1,40,-1,11,0,5,1,3,0,,,-7,2,Internet
,Feb,19-21,19/02/2022,22,YouGov,,,,,,,,,,,,,,,,Internet
,Feb,21,21/02/2022,21,R+W,,33,0,39,1,11,0,7,1,4,-1,,,-6,-1,Internet
,Feb,21-27,21/02/2022,1,NCP,ITV,35,,42,,8,,6,,2,,,,-7,,Internet
,Feb,23-24,23/02/2022,25,Techne,,35,1,39,0,9,-1,6,0,,,,,-4,1,Internet
,Feb,23-25,23/02/2022,27,Opinium,Ob,34,0,38,1,11,0,6,0,,,,,-4,-1,Internet
,Feb,24-25,24/02/2022,28,YouGov,TT,34,0,39,1,9,-1,6,0,5,1,,,-5,-1,Internet
,Feb,25-27,25/02/2022,3,Savanta ComRes,,34,1,42,2,9,-2,3,-2,3,0,,,-8,-1,Internet
,Feb,26-28,26/02/2022,1,YouGov,,,,,,,,,,,,,,,,Internet
,Feb,28,28/02/2022,28,R+W,,35,2,38,-1,12,1,5,-2,4,0,,,-3,3,Internet
,Mar,1-2,01/03/2022,3,YouGov,,,,,,,,,,,,,,,,Internet
,Mar,2-3,02/03/2022,4,Techne,,35,0,38,-1,10,1,6,0,,,,,-3,1,Internet
,Mar,3-4,03/03/2022,8,YouGov,TT,35,1,37,-2,7,-2,8,2,5,0,,,-2,3,Internet
,Mar,4-6,04/03/2022,9,Savanta ComRes,,34,0,41,-1,9,0,4,1,3,0,,,-7,1,Internet
,Mar,4-7,04/03/2022,11,Ipsos,,,,,,,,,,,,,,,,Internet
,Mar,4-7,04/03/2022,24,Survation,38 Degrees,37,2,40,-1,9,0,5,0,,,,,-3,3,Internet
,Mar,5-7,05/03/2022,8,YouGov,,,,,,,,,,,,,,,,Internet
,Mar,7,07/03/2022,7,R+W,,37,2,40,2,10,-2,5,0,2,-2,,,-3,0,Internet
,Mar,8-9,08/03/2022,10,YouGov,TT,33,-2,39,2,10,3,7,-1,4,-1,,,-6,-4,Internet
,Mar,8-11,08/03/2022,11,Deltapoll,,34,0,40,-1,10,0,5,0,2,0,1,-1,-6,1,Internet
,Mar,9-10,09/03/2022,11,Techne,,36,1,38,0,9,-1,6,0,,,,,-2,1,Internet
,Mar,9-11,09/03/2022,12,Opinium,Ob,35,1,37,-1,9,-2,7,1,,,,,-2,2,Internet
,Mar,9-16,09/03/2022,18,Ipsos,ES,35,4,39,-1,10,-3,7,-2,,,,,-4,5,Phone
,Mar,11-13,11/03/2022,18,Savanta ComRes,Ind,35,1,40,-1,9,0,3,-1,3,0,,,-5,2,Internet
,Mar,12-14,12/03/2022,15,YouGov,,,,,,,,,,,,,,,,Internet
,Mar,13,13/03/2022,14,R+W,,36,-1,39,-1,10,0,6,1,4,2,,,-3,0,Internet
,Mar,14-15,14/03/2022,17,YouGov,,,,,,,,,,,,,,,,Internet
,Mar,16-17,16/03/2022,18,YouGov,TT,33,0,39,0,10,0,7,0,4,0,,,-6,0,Internet
,Mar,16-17,16/03/2022,18,Techne,,35,-1,39,1,10,1,6,0,,,,,-4,-2,Internet
,Mar,17-21,17/03/2022,24,Kantar,,36,2,36,-3,12,0,6,0,3,1,1,0,0,5,Internet
,Mar,18-20,18/03/2022,23,Savanta ComRes,Ind,35,0,39,-1,10,1,4,1,3,0,,,-4,1,Internet
,Mar,19-21,19/03/2022,22,YouGov,,,,,,,,,,,,,,,,Internet
,Mar,20,20/03/2022,21,R+W,,35,-1,40,1,11,1,7,1,2,-2,,,-5,-2,Internet
,Mar,22-23,22/03/2022,25,YouGov,TT,35,2,36,-3,9,-1,8,1,5,1,,,-1,5,Internet
,Mar,23-24,23/03/2022,25,Techne,,35,0,40,1,10,0,5,-1,,,,,-5,-1,Internet
,Mar,23-24,23/03/2022,25,YouGov,TT,35,0,37,1,10,1,7,-1,4,-1,,,-2,-1,Internet
,Mar,23-25,23/03/2022,27,Opinium,Ob,36,1,38,1,9,0,7,0,,,,,-2,0,Internet
,Mar,25-27,25/03/2022,29,Savanta ComRes,,35,0,39,0,11,1,3,-1,3,0,,,-4,0,Internet
,Mar,26-28,26/03/2022,30,YouGov,,,,,,,,,,,,,,,,Internet
,Mar,27,27/03/2022,28,R+W,,35,0,37,-3,9,-2,5,-2,5,3,,,-2,3,Internet
,Mar,28-30,28/03/2022,31,Survation,,35,0,42,0,9,0,3,0,2,0,1,1,-7,0,Internet
,Mar,29-30,29/03/2022,1,YouGov,TT,33,-2,37,0,9,-1,6,-1,5,1,,,-4,-2,Internet
,Mar,30-31,30/03/2022,1,Techne,,36,1,39,-1,9,-1,5,0,,,,,-3,2,Internet
,Apr,1-3,01/04/2022,5,Savanta ComRes,,33,-2,40,1,11,0,4,1,3,0,,,-7,-3,Internet
,Apr,1-3,01/04/2022,6,Ipsos,,,,,,,,,,,,,,,,Internet
,Apr,2-4,02/04/2022,5,YouGov,,,,,,,,,,,,,,,,Internet
,Apr,3,03/04/2022,4,R+W,,36,1,42,5,9,0,4,-1,3,-2,,,-6,-4,Internet
,Apr,4-5,04/04/2022,6,YouGov,,,,,,,,,,,,,,,,Internet
,Apr,6-7,06/04/2022,8,Techne,,35,-1,40,1,10,1,4,-1,,,,,-5,-2,Internet
,Apr,6-7,06/04/2022,12,YouGov,TT,34,1,37,0,10,1,7,4,4,-1,,,-3,1,Internet
,Apr,6-8,06/04/2022,10,Opinium,Ob,34,-2,38,0,10,1,7,0,,,,,-4,-2,Internet
,Apr,6-14,06/04/2022,44696,Focaldata,Best for Britain,34,1,43,1,9,-2,5,1,4,1,,,-9,0,Internet
,Apr,7-11,07/04/2022,14,Kantar,,34,-2,37,1,11,-1,7,1,4,1,2,1,-3,-3,Internet
,Apr,8-10,08/04/2022,13,Savanta ComRes,Ind,34,1,40,0,9,-2,4,0,3,0,,,-6,1,Internet
,Apr,8-10,08/04/2022,,YouGov,,,,,,,,,,,,,,,,Internet
,Apr,9-11,09/04/2022,12,YouGov,,,,,,,,,,,,,,,,Internet
,Apr,10,10/04/2022,11,R+W,,34,-2,42,0,8,-1,5,1,4,1,,,-8,-2,Internet
,Apr,11-12,11/04/2022,,YouGov,,,,,,,,,,,,,,,,Internet
,Apr,12-13,12/04/2022,14,Ipsos,,,,,,,,,,,,,,,,Internet
,Apr,13-14,13/04/2022,15,Techne,,34,-1,41,1,9,-1,5,1,,,,,-7,-2,Internet
,Apr,13-14,13/04/2022,16,YouGov,TT,33,-1,38,1,10,0,7,0,5,1,,,-5,-2,Internet
,Apr,13-14,13/04/2022,17,Deltapoll,MoS,32,-2,43,3,9,-1,6,1,2,0,2,1,-11,-5,Internet
,Apr,15-26,14/04/2022,44695,Opinium,Progressive Britain,35,1,37,-1,10,0,7,0,,,,,-2,2,Internet
,Apr,16-18,16/04/2022,19,YouGov,,,,,,,,,,,,,,,,Internet
,Apr,17,17/04/2022,18,R+W,,34,0,42,0,10,2,5,0,3,-1,,,-8,0,Internet
,Apr,19-20,19/04/2022,22,YouGov,TT,33,0,39,1,9,-1,8,1,3,-2,,,-6,-1,Internet
,Apr,20-21,20/04/2022,22,Techne,,34,0,40,-1,10,1,5,0,,,,,-6,1,Internet
,Apr,20-22,20/04/2022,24,Opinium,Ob,34,-1,36,-1,10,0,8,1,,,,,-2,0,Internet
,Apr,20-28,20/04/2022,29,Ipsos,ES,35,0,40,1,10,0,7,0,,,,,-5,-1,Phone
,Apr,22-24,22/04/2022,30,Savanta ComRes,Ind,34,0,40,0,11,2,3,-1,3,0,,,-6,0,Internet
,Apr,22-26,22/04/2022,29,Survation,ITV,33,-2,42,0,9,0,4,1,2,0,,,-9,-2,Internet
,Apr,23-25,23/04/2022,26,YouGov,,,,,,,,,,,,,,,,Internet
,Apr,24,24/04/2022,25,R+W,,34,0,42,0,11,1,4,-1,4,1,,,-8,0,Internet
,Apr,26-27,26/04/2022,28,YouGov,TT,33,0,39,0,11,2,6,-2,3,0,,,-6,0,Internet
,Apr,27-28,27/04/2022,29,Techne,,35,1,40,0,9,-1,6,1,,,,,-5,1,Internet
,Apr,29-1,29/04/2022,4,Savanta ComRes,,35,1,41,1,9,-2,4,1,3,0,,,-6,0,Internet
,Apr,30-2,30/04/2022,3,YouGov,,,,,,,,,,,,,,,,Internet
,May,1,01/05/2022,2,R+W,,33,-1,41,-1,12,1,5,1,3,-1,,,-8,0,Internet
,May,4-5,04/05/2022,6,Techne,,34,-1,40,0,10,1,5,-1,,,,,-6,-1,Internet
,May,5-6,05/05/2022,10,YouGov,,35,2,36,-3,10,-1,8,2,4,1,,,-1,5,Internet
,May,6-8,06/05/2022,10,Savanta ComRes,,34,-1,39,-2,11,2,3,-1,3,0,,,-5,1,Internet
,May,6-10,06/05/2022,12,Ipsos,,,,,,,,,,,,,,,,Internet
,May,7-8,07/05/2022,9,YouGov,,,,,,,,,,,,,,,,Internet
,May,7-9,07/05/2022,,YouGov,,,,,,,,,,,,,,,,Internet
,May,8,08/05/2022,9,R+W,,33,0,39,-2,12,0,7,2,2,-1,,,-6,2,Internet
,May,9-10,09/05/2022,12,YouGov,,,,,,,,,,,,,,,,Internet
,May,9-12,09/05/2022,23,Find Out Now / Electoral Calculus,,34,,44,,8,,2,,4,,,,-10,,Internet
,May,10-11,10/05/2022,13,YouGov,TT,33,-2,38,2,12,2,6,-2,3,-1,,,-5,-4,Internet
,May,11-12,11/05/2022,13,Techne,,34,0,39,-1,11,1,6,1,,,,,-5,1,Internet
,May,11-13,11/05/2022,15,Opinium,Ob,34,0,37,1,12,2,7,-1,,,,,-3,-1,Internet
,May,11-17,11/05/2022,19,Ipsos,ES,33,-2,39,-1,12,2,5,-2,,,,,-6,-1,Phone
,May,13-15,13/05/2022,19,Savanta ComRes,,34,0,41,2,10,-1,4,1,2,-1,,,-7,-2,Internet
,May,14-16,14/05/2022,17,YouGov,,,,,,,,,,,,,,,,Internet
,May,15,15/05/2022,16,R+W,,35,2,39,0,12,0,6,-1,3,1,,,-4,2,Internet
,May,16-17,16/05/2022,44718,YouGov,,,,,,,,,,,,,,,,Internet
,May,18,18/05/2022,19,R+W,,33,-2,39,0,12,0,4,-2,5,2,,,-6,-2,Internet
,May,18-19,18/05/2022,20,YouGov,TT,31,-2,39,1,12,0,7,1,4,1,,,-8,-3,Internet
,May,18-19,18/05/2022,20,Techne,,35,1,39,0,10,-1,6,0,,,,,-4,1,Internet
,May,18-19,18/05/2022,20,Savanta ComRes,DM,34,0,40,-1,10,0,4,0,2,0,,,-6,1,Internet
,May,19-23,19/05/2022,26,Kantar,,32,-2,38,1,13,2,8,1,3,-1,1,-1,-6,-3,Internet
,May,20-22,20/05/2022,25,Savanta ComRes,Ind,34,0,40,0,10,0,5,1,2,0,,,-6,0,Internet
,May,21-23,21/05/2022,24,YouGov,,,,,,,,,,,,,,,,Internet
,May,22,22/05/2022,23,R+W,,33,0,39,0,12,0,5,1,4,-1,,,-6,0,Internet
,May,24-25,24/05/2022,1,YouGov,TT,31,0,39,0,12,0,7,0,4,0,,,-8,0,Internet
,May,25,25/05/2022,26,R+W,,31,-2,40,1,14,2,5,0,3,-1,,,-9,-3,Internet
,May,25-26,25/05/2022,27,Techne,,33,-2,40,1,11,1,6,0,,,,,-7,-3,Internet
,May,25-27,25/05/2022,29,Opinium,Ob,33,-1,36,-1,11,-1,8,1,,,,,-3,0,Internet
,May,27-29,27/05/2022,31,Savanta ComRes,,31,-3,42,2,11,1,3,-2,3,1,,,-11,-5,Internet
,May,28-30,28/05/2022,1,YouGov,,,,,,,,,,,,,,,,Internet
,May,29,29/05/2022,30,R+W,,36,5,43,3,10,-4,5,0,2,-1,,,-7,2,Internet
,May,31-1,31/05/2022,3,Techne,,32,-1,40,0,12,1,6,0,,,,,-8,-1,Internet
,Jun,1,01/06/2022,2,R+W,,33,-3,39,-4,12,2,6,1,4,2,,,-6,1,Internet
,Jun,1-3,01/06/2022,10,YouGov,TT,32,1,36,-3,12,0,8,1,4,0,,,-4,4,Internet
,Jun,4-6,04/06/2022,,YouGov,,,,,,,,,,,,,,,,Internet
,Jun,5,05/06/2022,6,R+W,,34,1,38,-1,11,-1,7,1,4,0,,,-4,2,Internet
,Jun,8-9,08/06/2022,9,R+W,,32,-2,40,2,13,2,5,-2,4,0,,,-8,-4,Internet
,Jun,8-9,08/06/2022,10,Techne,,33,1,39,-1,12,0,6,0,,,,,-6,2,Internet
,Jun,8-9,08/06/2022,44727,YouGov,TT,32,0,39,3,11,-1,7,-1,3,-1,,,-7,-3,Internet
,Jun,8-10,08/06/2022,12,Opinium,Ob,34,1,36,0,13,2,6,-2,,,,,-2,1,Internet
,Jun,9-10,09/06/2022,,YouGov,,,,,,,,,,,,,,,,Internet
,Jun,10,10/06/2022,17,Survation,,34,1,41,-1,10,1,3,-1,2,0,1,,-7,2,Internet
,Jun,10-12,10/06/2022,15,Savanta ComRes,,34,3,40,-2,10,-1,4,1,2,-1,,,-6,5,Internet
,Jun,10-13,10/06/2022,15,Ipsos,,,,,,,,,,,,,,,,Internet
,Jun,11-13,11/06/2022,14,YouGov,,,,,,,,,,,,,,,,Internet
,Jun,12,12/06/2022,13,R+W,,32,0,39,1,15,2,6,1,2,-2,,,-7,1,Internet
,Jun,15,15/06/2022,16,R+W,,34,2,42,3,12,-3,4,-2,3,1,,,-8,-1,Internet
,Jun,15-16,15/06/2022,17,Techne,,33,0,39,0,13,1,5,-1,,,,,-6,0,Internet
,Jun,15-16,15/06/2022,17,YouGov,TT,33,1,39,0,10,-1,6,-1,4,1,,,-6,1,Internet
,Jun,16-20,16/06/2022,23,Kantar,,34,2,36,-2,13,0,5,-3,4,1,2,1,-2,4,Internet
,Jun,17-19,17/06/2022,23,Savanta ComRes,,31,-3,42,2,10,0,5,1,3,1,,,-11,-5,Internet
,Jun,18-20,18/06/2022,21,YouGov,,,,,,,,,,,,,,,,Internet
,Jun,19,19/06/2022,20,R+W,,33,-1,40,-2,13,1,5,1,5,2,,,-7,1,Internet
,Jun,22,22/06/2022,24,R+W,,32,-1,41,1,13,0,5,0,4,-1,,,-9,-2,Internet
,Jun,22-23,22/04/2022,24,Techne,,32,-1,38,1,14,1,6,1,,,,,-6,0,Internet
,Jun,22-23,22/06/2022,28,YouGov,TT,34,1,39,0,9,-1,8,2,4,0,,,-5,1,Internet
,Jun,22-24,22/06/2022,26,Opinium,Ob,34,0,37,1,11,-2,6,0,,,,,-3,-1,Internet
,Jun,22-29,22/06/2022,1,Ipsos,ES,30,-3,41,2,15,3,6,1,,,,,-11,-5,Phone
,Jun,24-26,24/06/2022,29,Savanta ComRes,,34,3,41,-1,10,0,5,0,1,-2,,,-7,4,Internet
,Jun,24-26,24/06/2022,29,YouGov,,,,,,,,,,,,,,,,Internet
,Jun,25-27,25/06/2022,28,YouGov,,,,,,,,,,,,,,,,Internet
,Jun,26,26/06/2022,27,R+W,,33,1,41,0,15,2,4,-1,3,-1,,,-8,1,Internet
,Jun,27,27/06/2022,4,Survation,,35,1,43,2,11,1,2,-1,1,-1,1,0,-8,-1,Internet
,Jun,28-29,28/06/2022,30,YouGov,TT,33,-1,36,-3,13,4,6,-2,3,-1,,,-3,2,Internet
,Jun,28-1,28/06/2022,6,BMG,The i,32,,42,,11,,4,,4,,,,-10,,Internet
,Jun,29-30,29/06/2022,30,R+W,,32,-1,40,-1,13,-2,4,0,3,0,,,-8,0,Internet
,Jun,29-30,29/06/2022,1,Techne,,33,1,39,1,13,-1,5,-1,,,,,-6,0,Internet
,Jul,1-3,01/07/2022,5,Savanta ComRes,,32,-2,41,0,11,1,3,-2,4,3,,,-9,-2,Internet
,Jul,2-4,02/07/2022,,YouGov,,,,,,,,,,,,,,,,Internet
,Jul,3,03/07/2022,4,R+W,,35,3,41,1,11,-2,5,1,5,2,,,-6,2,Internet
,Jul,6,06/07/2022,6,Savanta ComRes,,,,,,,,,,,,,,,,Internet
,Jul,6,06/07/2022,7,Opinium,ITV,,,,,,,,,,,,,,,Internet
,Jul,6,06/07/2022,8,Survation,,31,-4,45,2,11,0,3,1,2,1,1,0,-14,-6,Internet
,Jul,6-7,06/07/2022,7,YouGov,TT,29,-4,40,4,15,2,6,0,3,0,,,-11,-8,Internet
,Jul,6-8,06/07/2022,10,Opinium,Ob,33,-1,38,1,12,1,6,0,,,,,-5,-2,Internet
,Jul,7,07/07/2022,7,R+W,,31,-4,43,2,12,1,7,2,2,-3,,,-12,-6,Internet
,Jul,7,07/07/2022,8,Techne,,29,-4,41,2,14,1,6,1,,,,,-12,-6,Internet
,Jul,8-10,08/07/2022,11,Savanta ComRes,,28,-4,43,2,12,1,4,1,3,-1,,,-15,-6,Internet
,Jul,9-11,09/07/2022,12,YouGov,,,,,,,,,,,,,,,,Internet
,Jul,10,10/07/2022,11,R+W,,31,0,42,-1,12,0,5,-2,5,3,,,-11,1,Internet
,Jul,10-11,10/07/2022,14,YouGov,,,,,,,,,,,,,,,,Internet
,Jul,10-24,10/07/2022,27,YouGov,,,,,,,,,,,,,,,,Internet
,Jul,12-14,12/07/2022,17,JL Partners,STel ,31,,42,,12,,6,,3,,1,,-11,,Internet
,Jul,13-14,13/07/2022,15,YouGov,TT,29,0,40,0,13,-2,7,1,4,1,,,-11,0,Internet
,Jul,14,14/07/2022,15,Techne,,31,2,40,-1,13,-1,6,0,,,,,-9,3,Internet
,Jul,14-18,14/07/2022,21,Kantar,,33,-1,37,1,13,0,7,2,4,0,1,-1,-4,-2,Internet
,Jul,15-17,15/07/2022,21,Savanta ComRes,,30,2,43,0,11,-1,4,0,3,0,,,-13,2,Internet
,Jul,15-20,15/07/2022,27,Ipsos,,,,,,,,,,,,,,,,Internet
,Jul,16-19,16/07/2022,19,YouGov,,,,,,,,,,,,,,,,Internet
,Jul,17,17/07/2022,18,R+W,,32,1,42,0,12,0,5,0,3,-2,,,-10,1,Internet
,Jul,20-21,20/07/2022,21,R+W,,35,3,44,2,9,-3,5,0,3,0,,,-9,1,Internet
,Jul,20-21,20/07/2022,22,Techne,,32,1,41,1,12,-1,6,0,,,,,-9,0,Internet
,Jul,21,21/07/2022,22,Savanta ComRes,DE,33,3,44,1,9,-2,3,-1,3,0,,,-11,2,Internet
,Jul,21-22,21/07/2022,24,Opinium,Ob,34,1,37,-1,13,1,6,0,,,,,-3,2,Internet
,Jul,21-22,21/07/2022,27,YouGov,TT,32,3,39,-1,12,-1,8,1,4,0,,,-7,4,Internet
,Jul,21-23,21/07/2022,24,Deltapoll,MoS,31,-1,42,-1,10,1,6,0,3,1,3,1,-11,0,Internet
,Jul,21-27,21/07/2022,1,Ipsos,ES,30,0,44,3,10,-5,8,2,,,,,-14,-3,Phone
,Jul,22-24,22/07/2022,29,Savanta ComRes,Ind,29,-4,42,-2,12,3,4,1,4,1,,,-13,-2,Internet
,Jul,23-25,23/07/2022,26,YouGov,,,,,,,,,,,,,,,,Internet
,Jul,24,24/07/2022,25,R+W,,34,-1,40,-4,12,3,5,0,3,0,,,-6,3,Internet
,Jul,27,27/07/2022,28,R+W,,33,-1,41,1,11,-1,5,0,4,1,,,-8,-2,Internet
,Jul,27-28,27/07/2022,29,Techne,,33,1,40,-1,12,0,6,0,,,,,-7,2,Internet
,Jul,27-28,27/07/2022,2,YouGov,TT,34,2,35,-4,13,1,7,-1,3,-1,,,-1,6,Internet
,Jul,28-1,28/07/2022,4,Kantar,,32,-1,36,-1,13,0,8,1,4,0,1,0,-4,0,Internet
,Jul,30-31,30/07/2022,2,YouGov,,,,,,,,,,,,,,,,Internet
,Jul,31,31/07/2022,1,R+W,,34,1,38,-3,11,0,7,2,4,0,,,-4,4,Internet
,Aug,3-4,03/08/2022,5,Techne,,34,1,39,-1,13,1,5,-1,,,,,-5,2,Internet
,Aug,4,04/07/2022,4,R+W,,32,-2,40,2,13,2,4,-3,4,0,,,-8,-4,Internet
,Aug,3-5,03/08/2022,7,Opinium,Ob,34,0,37,0,12,-1,6,0,,,,,-3,0,Internet
,Aug,4-5,04/08/2022,8,YouGov,TT,33,-1,37,2,11,-2,8,1,3,0,,,-4,-3,Internet
,Aug,6-8,06/08/2022,9,YouGov,,,,,,,,,,,,,,,,Internet
,Aug,7,07/08/2022,8,R+W,,35,3,40,0,12,-1,5,1,3,-1,,,-5,3,Internet
,Aug,9-10,09/08/2022,17,YouGov,TT,30,-3,39,2,12,1,6,-2,4,1,,,-9,-5,Internet
,Aug,10-11,10/08/2022,12,Techne,,35,1,39,0,12,-1,5,0,,,,,-4,1,Internet
,Aug,13-15,13/08/2022,22,YouGov,,,,,,,,,,,,,,,,Internet
,Aug,14,14/08/2022,15,R+W,,34,-1,41,1,12,0,5,0,3,0,,,-7,-2,Internet
,Aug,16-17,16/08/2022,20,YouGov,TT,28,-2,43,4,11,-1,7,1,4,0,,,-15,-6,Internet
,Aug,16-18,16/08/2022,19,BMG,The i,32,0,42,0,11,0,5,1,3,-1,,,-10,0,Internet
,Aug,18-19,18/08/2022,21,Opinium,Ob,31,-3,39,2,10,-2,7,1,,,,,-8,-5,Internet
,Aug,18-22,18/08/2022,25,Kantar,,33,1,40,4,14,1,6,-2,2,-2,0,-1,-7,-3,Internet
,Aug,19-22,19/08/2022,24,Deltapoll,,31,0,43,1,11,1,6,0,2,-1,1,-2,-12,-1,Internet
,Aug,19-22,19/08/2022,2,Ipsos,,,,,,,,,,,,,,,,Internet
,Aug,20-22,20/08/2022,23,YouGov,,,,,,,,,,,,,,,,Internet
,Aug,21,21/08/2022,22,R+W,,31,-3,43,2,13,1,5,0,3,0,,,-12,-5,Internet
,Aiug,22,22/08/2022,26,PeoplePolling,GB News,26,,40,,11,,6,,5,,,,-14,,Internet
,Aug,23-24,23/08/2022,30,YouGov,TT,31,3,39,-4,11,0,7,0,5,1,,,-8,7,Internet
,Aug,24-25,24/08/2022,25,R+W,,33,2,42,-1,12,-1,5,0,2,-1,,,-9,3,Internet
,Aug,24-25,24/08/2022,26,Techne,,33,-2,41,2,11,-1,6,1,,,,,-8,-4,Internet
,Aug,26-30,26/08/2022,31,Deltapoll,Mirror,31,0,44,1,12,1,4,-2,2,0,1,0,-13,-1,Internet
,Aug,27-29,27/08/2022,1,YouGov,,,,,,,,,,,,,,,,Internet
,Aug,28,28/08/2022,29,R+W,,33,0,42,0,13,1,4,-1,4,2,,,-9,0,Internet
,Aug,30,30/08/2022,2,PeoplePolling,GB News,25,-1,42,2,10,-1,7,1,4,-1,,,-17,-3,Internet
,Aug,31,31/08/2022,1,R+W,,31,-2,42,0,12,-1,7,3,3,-1,,,-11,-2,Internet
,Aug,31,31/08/2022,5,Survation,,33,2,43,-2,11,0,3,0,1,-1,0,-1,-10,4,Internet
,Aug,31-1,31/08/2022,2,Techne,,32,-1,42,1,12,1,5,-1,,,,,-10,-2,Internet
,Aug,31-1,31/08/2022,6,YouGov,TT,28,-3,43,4,11,0,6,-1,3,-2,,,-15,-7,Internet
,Aug,31-2,31/08/2022,3,Opinium,Ob,34,3,38,-1,12,2,6,-1,,,,,-4,4,Internet
,Aug,31-2,31/08/2022,3,Deltapoll,Sun on Sunday,31,0,42,-2,10,-2,6,2,3,1,2,1,-11,2,Internet
,Sep,3-5,03/09/2022,6,YouGov,,,,,,,,,,,,,,,,Internet
,Sep,4,04/09/2022,5,R+W,,31,0,43,1,12,0,6,-1,3,0,,,-12,-1,Internet
,Sep,6-7,06/09/2022,8,YouGov,,29,1,44,1,10,-1,7,1,3,0,,,-15,0,Internet
,Sep,7,07/09/2022,8,R+W,,30,-1,42,-1,14,2,6,0,2,-1,,,-12,0,Internet
,Sep,7,07/09/2022,9,PeoplePolling,GB News,28,3,40,-2,9,-1,7,0,4,0,,,-12,5,Internet
,Sep,7-8,07/09/2022,,Techne,,34,2,42,0,11,-1,4,-1,,,,,-8,2,Internet
,Sep,7-15,07/09/2022,22,Ipsos,ES,30,0,40,-4,13,3,8,0,,,,,-10,4,Phone
,Sep,9-12,09/09/2022,14,Deltapoll,,32,1,44,2,9,-1,4,-2,2,-1,2,0,-12,-1,Internet
,Sep,10-12,10/09/2022,13,YouGov,,,,,,,,,,,,,,,,Internet
Tables not yet available,,,,,R+W,,,,46,,,,,,,,,,,,
,Sep,11,11/09/2022,12,Savanta ComRes,DM,35,6,42,0,10,-2,3,-1,3,-1,,,-7,6,Internet
,Sep,11-12,11/09/2022,14,YouGov,TT,32,3,42,-2,10,0,7,0,2,-1,,,-10,5,Internet
,Sep,13,13/09/2022,16,PeoplePolling,GB News,28,0,40,0,10,1,6,-1,5,1,,,-12,0,Internet
,Sep,14-15,14/09/2022,16,Techne,,35,1,41,-1,10,-1,5,1,,,,,-6,2,Internet
,Sep,15-16,15/09/2022,25,Savanta ComRes,LabourList,33,,45,,10,,4,,3,,,,-12,,Internet
,Sep,16-20,16/09/2022,20,Deltapoll,,32,0,42,-2,10,1,6,2,2,0,2,0,-10,2,Internet
,Sep,18,18/09/2022,20,R+W,,34,4,42,0,10,-4,5,-1,3,1,,,-8,4,Internet
,Sep,21,21/09/2022,23,PeoplePolling,GB News,28,0,40,0,10,0,8,2,4,-1,,,-12,0,Internet
,Sep,21,21/09/2022,23,R+W,,32,-2,42,0,12,2,5,0,4,1,,,-10,-2,Internet
,Sep,21-22,21/09/2022,23,Techne,,34,-1,41,0,11,1,5,0,,,,,-7,-1,Internet
,Sep,21-22,21/09/2022,23,YouGov,TT,32,0,40,-2,9,-1,8,1,3,1,,,-8,2,Internet
Tables not yet available,,21-23,21/09/2022,,Opinium,,34,0,39,1,10,-2,7,1,,,,,-5,-1,
,Sep,22-25,22/09/2022,27,Deltapoll,,31,-1,44,2,12,2,4,-2,2,0,1,-1,-13,-3,Internet
,Sep,22-26,22/09/2022,29,Kantar,,35,2,39,-1,10,-4,4,-2,3,1,2,2,-4,3,Internet
,Sep,23-25,23/09/2022,27,YouGov,TT,28,-4,45,5,9,0,7,-1,3,0,,,-17,-9,Internet
,Sep,23-25,23/09/2022,29,Ipsos,,,,,,,,,,,,,,,,Internet
Tables not yet available,,23-25,23/09/2022,,Savanta ComRes,,29,-6,43,1,12,2,4,1,,,,,,,
,Sep,23-26,23/09/2022,30,Omnisis,,32,,44,,10,,5,,4,,,,-12,,Internet
,Sep,23-27,23/09/2022,28,Find Out Now / Electoral Calculus,C4,28,,45,,11,,6,,3,,,,-17,,Internet
,Sep,24-26,24/09/2022,27,YouGov,,,,,,,,,,,,,,,,Internet
,Sep,25,25/09/2022,26,R+W,,31,-1,44,2,11,-1,6,1,2,-2,,,-13,-3,Internet
,Sep,27-29,27/09/2022,29,Deltapoll,Mirror,29,-2,48,4,9,-3,4,0,2,0,1,0,-19,-6,Internet
,Sep,27-29,27/09/2022,30,BMG,The i,30,-2,47,5,9,-2,5,0,3,0,,,-17,-7,Internet
,Sep,28-29,28/09/2022,29,R+W,,29,-2,46,2,13,2,4,-2,4,2,,,-17,-4,Internet
,Sep,28-29,28/09/2022,29,YouGov,TT,21,-7,54,9,7,-2,6,-1,4,1,,,-33,-16,Internet
,Sep,28-29,28/09/2022,30,Techne,,27,-7,47,6,11,0,6,1,,,,,-20,-13,Internet
,Sep,28-29,28/09/2022,30,PeoplePolling,GB News,20,-8,50,10,9,-1,8,0,3,-1,,,-30,-18,Internet
,Sep,28-30,28/09/2022,2,Opinium,Ob,27,-7,46,7,9,-1,6,-1,,,,,-19,-14,Internet
,Sep,29,29/09/2022,29,Survation,,28,-5,49,6,11,0,1,-2,2,1,1,1,-21,-11,Internet
,Sep,29-30,29/09/2022,30,Omnisis,,23,-9,55,11,7,-3,5,0,3,-1,,,-32,-20,Internet
,Sep,30-2,30/09/2022,3,Savanta ComRes,,25,-4,50,7,11,-1,3,-1,3,,,,-25,,Internet
,Oct,1-2,01/10/2022,5,YouGov,,,,,,,,,,,,,,,,Internet
,Oct,2,02/10/2022,3,R+W,,24,-5,52,6,10,-3,5,1,3,-1,,,-28,-11,Internet
,Oct,5,05/10/2022,6,R+W,,24,0,52,0,10,0,5,0,3,0,,,-28,0,Internet
,Oct,5-6,05/10/2022,7,Techne,,26,-1,48,1,10,-1,6,0,,,,,-22,-2,Internet
,Oct,6,06/10/2022,7,PeoplePolling,GB News,20,0,52,2,8,-1,7,-1,4,1,,,-32,-2,Internet
,Oct,6-7,06/10/2022,7,Deltapoll,,26,-3,51,3,9,0,4,0,2,0,2,1,-25,-6,Internet
,Oct,6-7,06/10/2022,7,Omnisis,,24,1,51,-4,10,3,5,0,4,1,,,-27,5,Internet
,Oct,6-7,06/10/2022,8,YouGov,TT,22,1,52,-2,9,2,6,0,5,1,,,-30,3,Internet
